,frameNum,userID,trialNumber,phase,force_type,positional_error,velocity_error,time
0,0,User_2,0,Baseline,,1.59332561,0,1.13333333
1,1,User_2,0,Baseline,,1.5967388200000001,0,1.14444447
2,2,User_2,0,Baseline,,1.59920561,0,1.15555561
3,3,User_2,0,Baseline,,1.60207438,0,1.16666675
4,4,User_2,0,Baseline,,1.60557163,0,1.17777777
5,5,User_2,0,Baseline,,1.60912633,0,1.18888891
6,6,User_2,0,Baseline,,1.6125901900000001,0,1.2
7,7,User_2,0,Baseline,,1.61668777,0,1.21111119
8,8,User_2,0,Baseline,,1.62160861,0,1.22222221
9,9,User_2,0,Baseline,,1.62428045,0,1.23333335
10,10,User_2,0,Baseline,,1.6256188200000001,0,1.24444449
11,11,User_2,0,Baseline,,1.6287541399999999,0,1.25555563
12,12,User_2,0,Baseline,,1.6322331399999999,0,1.26666665
13,13,User_2,0,Baseline,,1.63537574,0,1.27777779
14,14,User_2,0,Baseline,,1.63852823,0,1.28888893
15,15,User_2,0,Baseline,,1.6417359999999999,0,1.30000007
16,16,User_2,0,Baseline,,1.64496231,0,1.31111109
17,17,User_2,0,Baseline,,1.64808547,0,1.32222223
18,18,User_2,0,Baseline,,1.6512222300000001,0,1.33333337
19,19,User_2,0,Baseline,,1.6543048599999999,0,1.34444451
20,20,User_2,0,Baseline,,1.657384,0,1.35555553
21,21,User_2,0,Baseline,,1.660299,0,1.36666667
22,22,User_2,0,Baseline,,1.66337037,0,1.37777781
23,23,User_2,0,Baseline,,1.6661918199999999,0,1.388889
24,24,User_2,0,Baseline,,1.66912687,0,1.4
25,25,User_2,0,Baseline,,1.67199171,0,1.41111112
26,26,User_2,0,Baseline,,1.67474532,0,1.42222226
27,27,User_2,0,Baseline,,1.677578,0,1.4333334
28,28,User_2,0,Baseline,,1.68035388,0,1.44444454
29,29,User_2,0,Baseline,,1.68308711,0,1.45555556
30,30,User_2,0,Baseline,,1.68566489,0,1.4666667
31,31,User_2,0,Baseline,,1.68832052,0,1.47777784
32,32,User_2,0,Baseline,,1.69092917,0,1.488889
33,33,User_2,0,Baseline,,1.69342411,0,1.5
34,34,User_2,0,Baseline,,1.69592845,0,1.5111111400000001
35,35,User_2,0,Baseline,,1.69837868,0,1.52222228
36,36,User_2,0,Baseline,,1.70081758,0,1.53333342
37,37,User_2,0,Baseline,,1.70319939,0,1.54444444
38,38,User_2,0,Baseline,,1.705562,0,1.55555558
39,39,User_2,0,Baseline,,1.70774329,0,1.56666672
40,40,User_2,0,Baseline,,1.7099684499999999,0,1.5777778599999999
41,41,User_2,0,Baseline,,1.71220076,0,1.58888888
42,42,User_2,0,Baseline,,1.7144237800000002,0,1.6
43,43,User_2,0,Baseline,,1.71653485,0,1.61111116
44,44,User_2,0,Baseline,,1.7186826499999999,0,1.6222223
45,45,User_2,0,Baseline,,1.7206918,0,1.6333333300000001
46,46,User_2,0,Baseline,,1.7227276599999999,0,1.64444447
47,47,User_2,0,Baseline,,1.7246443,0,1.65555561
48,48,User_2,0,Baseline,,1.72654569,0,1.66666675
49,49,User_2,0,Baseline,,1.7284205,0,1.67777777
50,50,User_2,0,Baseline,,1.73026073,0,1.68888891
51,51,User_2,0,Baseline,,1.73197067,0,1.7000000000000002
52,52,User_2,0,Baseline,,1.73375678,0,1.71111119
53,53,User_2,0,Baseline,,1.73536885,0,1.72222221
54,54,User_2,0,Baseline,,1.73697436,0,1.73333335
55,55,User_2,0,Baseline,,1.73851252,0,1.74444449
56,56,User_2,0,Baseline,,1.7400505499999999,0,1.75555563
57,57,User_2,0,Baseline,,1.74141955,0,1.76666665
58,58,User_2,0,Baseline,,1.74285567,0,1.77777779
59,59,User_2,0,Baseline,,1.74422181,0,1.7888889300000002
60,60,User_2,0,Baseline,,1.7455234499999999,0,1.80000007
61,61,User_2,0,Baseline,,1.74676085,0,1.81111121
62,62,User_2,0,Baseline,,1.7479658100000002,0,1.82222223
63,63,User_2,0,Baseline,,1.7491240000000001,0,1.83333337
64,64,User_2,0,Baseline,,1.75019777,0,1.84444451
65,65,User_2,0,Baseline,,1.75128758,0,1.85555565
66,66,User_2,0,Baseline,,1.75222516,0,1.8666666699999999
67,67,User_2,0,Baseline,,1.75323665,0,1.87777781
68,68,User_2,0,Baseline,,1.75412941,0,1.8888889999999998
69,69,User_2,0,Baseline,,1.75492954,0,1.9000001
70,70,User_2,0,Baseline,,1.7557209999999999,0,1.9111111200000002
71,71,User_2,0,Baseline,,1.75648,0,1.92222226
72,72,User_2,0,Baseline,,1.75717878,0,1.9333334
73,73,User_2,0,Baseline,,1.7578388500000002,0,1.94444454
74,74,User_2,0,Baseline,,1.75843525,0,1.95555556
75,75,User_2,0,Baseline,,1.75900722,0,1.9666667
76,76,User_2,0,Baseline,,1.75951719,0,1.97777784
77,77,User_2,0,Baseline,,1.760001,0,1.988889
78,78,User_2,0,Baseline,,1.76040041,0,2.0
79,79,User_2,0,Baseline,,1.76080167,0,2.01111126
80,80,User_2,0,Baseline,,1.76110768,0,2.02222228
81,81,User_2,0,Baseline,,1.7613889999999999,0,2.0333333
82,82,User_2,0,Baseline,,1.7616239999999999,0,2.04444456
83,83,User_2,0,Baseline,,1.76181543,0,2.05555558
84,84,User_2,0,Baseline,,1.76194835,0,2.0666666
85,85,User_2,0,Baseline,,1.76204824,0,2.07777786
86,86,User_2,0,Baseline,,1.7620985500000002,0,2.088889
87,87,User_2,0,Baseline,,1.7621041499999999,0,2.10000014
88,88,User_2,0,Baseline,,1.7620637399999999,0,2.11111116
89,89,User_2,0,Baseline,,1.76198292,0,2.12222219
90,90,User_2,0,Baseline,,1.76185477,0,2.13333344
91,91,User_2,0,Baseline,,1.76168108,0,2.14444447
92,92,User_2,0,Baseline,,1.76147258,0,2.15555573
93,93,User_2,0,Baseline,,1.7611923200000001,0,2.16666675
94,94,User_2,0,Baseline,,1.760899,0,2.17777777
95,95,User_2,0,Baseline,,1.76054573,0,2.188889
96,96,User_2,0,Baseline,,1.76017976,0,2.2
97,97,User_2,0,Baseline,,1.75974846,0,2.211111
98,98,User_2,0,Baseline,,1.7592642299999999,0,2.22222233
99,99,User_2,0,Baseline,,1.75876629,0,2.23333335
100,100,User_2,0,Baseline,,1.75819266,0,2.24444461
101,101,User_2,0,Baseline,,1.75755537,0,2.25555563
102,102,User_2,0,Baseline,,1.7570003299999999,0,2.26666665
103,103,User_2,0,Baseline,,1.75635934,0,2.277778
104,104,User_2,0,Baseline,,1.75564957,0,2.288889
105,105,User_2,0,Baseline,,1.754887,0,2.3
106,106,User_2,0,Baseline,,1.7541159400000002,0,2.31111121
107,107,User_2,0,Baseline,,1.7530427,0,2.32222223
108,108,User_2,0,Baseline,,1.7521923799999999,0,2.3333334900000002
109,109,User_2,0,Baseline,,1.75152528,0,2.3444445099999998
110,110,User_2,0,Baseline,,1.75085926,0,2.35555553
111,111,User_2,0,Baseline,,1.7499088,0,2.36666679
112,112,User_2,0,Baseline,,1.74882531,0,2.37777781
113,113,User_2,0,Baseline,,1.74790406,0,2.38888884
114,114,User_2,0,Baseline,,1.7468342799999999,0,2.4
115,115,User_2,0,Baseline,,1.7468342799999999,0,2.411111
116,116,User_2,0,Baseline,,1.7446116200000001,0,2.42222238
117,117,User_2,0,Baseline,,1.74371862,0,2.4333334
118,118,User_2,0,Baseline,,1.74209988,0,2.44444442
119,119,User_2,0,Baseline,,1.74139726,0,2.45555568
120,120,User_2,0,Baseline,,1.74031579,0,2.4666667
121,121,User_2,0,Baseline,,1.73900688,0,2.47777772
122,122,User_2,0,Baseline,,1.73774207,0,2.488889
123,123,User_2,0,Baseline,,1.736478,0,2.5
124,124,User_2,0,Baseline,,1.7349114399999999,0,2.51111126
125,125,User_2,0,Baseline,,1.73277426,0,2.5222222800000003
126,126,User_2,0,Baseline,,1.732235,0,2.5333333
127,127,User_2,0,Baseline,,1.73106,0,2.54444456
128,128,User_2,0,Baseline,,1.72969544,0,2.55555558
129,129,User_2,0,Baseline,,1.7281383300000002,0,2.56666684
130,130,User_2,0,Baseline,,1.726734,0,2.57777786
131,131,User_2,0,Baseline,,1.7252732499999999,0,2.588889
132,132,User_2,0,Baseline,,1.7237732399999999,0,2.60000014
133,133,User_2,0,Baseline,,1.72227049,0,2.61111116
134,134,User_2,0,Baseline,,1.7206828600000001,0,2.62222219
135,135,User_2,0,Baseline,,1.71913064,0,2.63333344
136,136,User_2,0,Baseline,,1.7176082099999999,0,2.64444447
137,137,User_2,0,Baseline,,1.7160250000000001,0,2.65555573
138,138,User_2,0,Baseline,,1.7143921899999999,0,2.66666675
139,139,User_2,0,Baseline,,1.71279454,0,2.67777777
140,140,User_2,0,Baseline,,1.71124542,0,2.688889
141,141,User_2,0,Baseline,,1.70944881,0,2.7
142,142,User_2,0,Baseline,,1.70787239,0,2.711111
143,143,User_2,0,Baseline,,1.70617771,0,2.72222233
144,144,User_2,0,Baseline,,1.70426393,0,2.73333335
145,145,User_2,0,Baseline,,1.70426393,0,2.74444461
146,146,User_2,0,Baseline,,1.6999683399999999,0,2.75555563
147,147,User_2,0,Baseline,,1.6991794100000002,0,2.76666665
148,148,User_2,0,Baseline,,1.6979022,0,2.777778
149,149,User_2,0,Baseline,,1.6961463700000001,0,2.788889
150,150,User_2,0,Baseline,,1.694227,0,2.8
151,151,User_2,0,Baseline,,1.69150913,0,2.81111121
152,152,User_2,0,Baseline,,1.69073939,0,2.82222223
153,153,User_2,0,Baseline,,1.68940675,0,2.8333334900000002
154,154,User_2,0,Baseline,,1.6875722400000002,0,2.8444445099999998
155,155,User_2,0,Baseline,,1.6860812900000002,0,2.85555553
156,156,User_2,0,Baseline,,1.6843296300000001,0,2.86666679
157,157,User_2,0,Baseline,,1.68274784,0,2.87777781
158,158,User_2,0,Baseline,,1.6810983400000001,0,2.888889
159,159,User_2,0,Baseline,,1.67943335,0,2.9
160,160,User_2,0,Baseline,,1.67778349,0,2.911111
161,161,User_2,0,Baseline,,1.676084,0,2.92222238
162,162,User_2,0,Baseline,,1.67447007,0,2.9333334
163,163,User_2,0,Baseline,,1.67258024,0,2.94444442
164,164,User_2,0,Baseline,,1.6700400000000002,0,2.95555568
165,165,User_2,0,Baseline,,1.6693750600000001,0,2.9666667
166,166,User_2,0,Baseline,,1.66809523,0,2.977778
167,167,User_2,0,Baseline,,1.666505,0,2.988889
168,168,User_2,0,Baseline,,1.66491783,0,3.0
169,169,User_2,0,Baseline,,1.6633651299999999,0,3.01111126
170,170,User_2,0,Baseline,,1.66182709,0,3.02222228
171,171,User_2,0,Baseline,,1.66044736,0,3.0333333
172,172,User_2,0,Baseline,,1.6588982300000001,0,3.04444456
173,173,User_2,0,Baseline,,1.6574738,0,3.05555558
174,174,User_2,0,Baseline,,1.65585935,0,3.06666684
175,175,User_2,0,Baseline,,1.65354311,0,3.07777786
176,176,User_2,0,Baseline,,1.65305078,0,3.088889
177,177,User_2,0,Baseline,,1.6519516699999999,0,3.10000014
178,178,User_2,0,Baseline,,1.65054739,0,3.11111116
179,179,User_2,0,Baseline,,1.6493253700000001,0,3.12222219
180,180,User_2,0,Baseline,,1.64803672,0,3.13333344
181,181,User_2,0,Baseline,,1.64680064,0,3.14444447
182,182,User_2,0,Baseline,,1.6455478700000001,0,3.15555573
183,183,User_2,0,Baseline,,1.6443791399999999,0,3.16666675
184,184,User_2,0,Baseline,,1.6432106499999999,0,3.17777777
185,185,User_2,0,Baseline,,1.6421487300000002,0,3.188889
186,186,User_2,0,Baseline,,1.641065,0,3.2
187,187,User_2,0,Baseline,,1.63999081,0,3.21111131
188,188,User_2,0,Baseline,,1.63895857,0,3.22222233
189,189,User_2,0,Baseline,,1.6380034700000001,0,3.23333335
190,190,User_2,0,Baseline,,1.6370689999999999,0,3.24444461
191,191,User_2,0,Baseline,,1.63618445,0,3.25555563
192,192,User_2,0,Baseline,,1.6353573799999999,0,3.26666665
193,193,User_2,0,Baseline,,1.63454187,0,3.277778
194,194,User_2,0,Baseline,,1.6337243300000002,0,3.288889
195,195,User_2,0,Baseline,,1.63302207,0,3.30000019
196,196,User_2,0,Baseline,,1.632382,0,3.31111121
197,197,User_2,0,Baseline,,1.6317545199999999,0,3.32222223
198,198,User_2,0,Baseline,,1.6308155100000001,0,3.3333334900000002
199,199,User_2,0,Baseline,,1.63051832,0,3.3444445099999998
200,200,User_2,0,Baseline,,1.62978458,0,3.35555553
201,201,User_2,0,Baseline,,1.6296321200000001,0,3.36666679
202,202,User_2,0,Baseline,,1.62927365,0,3.37777781
203,203,User_2,0,Baseline,,1.62892962,0,3.388889
204,204,User_2,0,Baseline,,1.62863135,0,3.4
205,205,User_2,0,Baseline,,1.62836242,0,3.411111
206,206,User_2,0,Baseline,,1.62816644,0,3.42222238
207,207,User_2,0,Baseline,,1.62816644,0,3.4333334
208,208,User_2,0,Baseline,,1.62793958,0,3.44444442
209,209,User_2,0,Baseline,,1.62794328,0,3.45555568
210,210,User_2,0,Baseline,,1.62795889,0,3.4666667
211,211,User_2,0,Baseline,,1.62814188,0,3.477778
212,212,User_2,0,Baseline,,1.62832022,0,3.488889
213,213,User_2,0,Baseline,,1.6284288199999999,0,3.5
214,214,User_2,0,Baseline,,1.62860382,0,3.51111126
215,215,User_2,0,Baseline,,1.62897539,0,3.5222222800000003
216,216,User_2,0,Baseline,,1.62961018,0,3.5333333
217,217,User_2,0,Baseline,,1.6298348900000001,0,3.54444456
218,218,User_2,0,Baseline,,1.6305879399999998,0,3.55555558
219,219,User_2,0,Baseline,,1.6308436400000001,0,3.56666684
220,220,User_2,0,Baseline,,1.63132966,0,3.57777786
221,221,User_2,0,Baseline,,1.63132966,0,3.588889
222,222,User_2,0,Baseline,,1.6326380999999999,0,3.60000014
223,223,User_2,0,Baseline,,1.63418114,0,3.61111116
224,224,User_2,0,Baseline,,1.63450944,0,3.62222242
225,225,User_2,0,Baseline,,1.6352489000000001,0,3.63333344
226,226,User_2,0,Baseline,,1.6362825600000002,0,3.64444447
227,227,User_2,0,Baseline,,1.63722575,0,3.65555573
228,228,User_2,0,Baseline,,1.6383291500000001,0,3.66666675
229,229,User_2,0,Baseline,,1.63946164,0,3.67777777
230,230,User_2,0,Baseline,,1.64062953,0,3.688889
231,231,User_2,0,Baseline,,1.6421361,0,3.7
232,232,User_2,0,Baseline,,1.64330065,0,3.71111131
233,233,User_2,0,Baseline,,1.64468122,0,3.72222233
234,234,User_2,0,Baseline,,1.6461035,0,3.73333335
235,235,User_2,0,Baseline,,1.64766741,0,3.74444461
236,236,User_2,0,Baseline,,1.6491646800000002,0,3.75555563
237,237,User_2,0,Baseline,,1.65080118,0,3.76666665
238,238,User_2,0,Baseline,,1.65304554,0,3.777778
239,239,User_2,0,Baseline,,1.65442824,0,3.788889
240,240,User_2,0,Baseline,,1.6574830999999999,0,3.80000019
241,241,User_2,0,Baseline,,1.6582365000000001,0,3.81111121
242,242,User_2,0,Baseline,,1.6600662499999999,0,3.82222223
243,243,User_2,0,Baseline,,1.66198742,0,3.8333334900000002
244,244,User_2,0,Baseline,,1.6640229999999998,0,3.8444445099999998
245,245,User_2,0,Baseline,,1.66615593,0,3.85555553
246,246,User_2,0,Baseline,,1.66844606,0,3.86666679
247,247,User_2,0,Baseline,,1.67060089,0,3.87777781
248,248,User_2,0,Baseline,,1.67298317,0,3.888889
249,249,User_2,0,Baseline,,1.67526054,0,3.9
250,250,User_2,0,Baseline,,1.67779648,0,3.911111
251,251,User_2,0,Baseline,,1.68013823,0,3.92222238
252,252,User_2,0,Baseline,,1.68276107,0,3.9333334
253,253,User_2,0,Baseline,,1.68540454,0,3.9444446600000003
254,254,User_2,0,Baseline,,1.688046,0,3.95555568
255,255,User_2,0,Baseline,,1.69072926,0,3.9666667
256,256,User_2,0,Baseline,,1.69348192,0,3.977778
257,257,User_2,0,Baseline,,1.69627774,0,3.988889
258,258,User_2,0,Baseline,,1.69920814,0,4.0
259,259,User_2,0,Baseline,,1.70219517,0,4.01111126
260,260,User_2,0,Baseline,,1.70518124,0,4.02222252
261,261,User_2,0,Baseline,,1.7083885699999999,0,4.0333333
262,262,User_2,0,Baseline,,1.711287,0,4.04444456
263,263,User_2,0,Baseline,,1.71453333,0,4.055556
264,264,User_2,0,Baseline,,1.71782315,0,4.0666666
265,265,User_2,0,Baseline,,1.720911,0,4.077778
266,266,User_2,0,Baseline,,1.72421634,0,4.088889
267,267,User_2,0,Baseline,,1.72767127,0,4.1
268,268,User_2,0,Baseline,,1.731068,0,4.111111
269,269,User_2,0,Baseline,,1.73459446,0,4.12222242
270,270,User_2,0,Baseline,,1.73802519,0,4.133333
0,0,User_2,1,Baseline,,2.132818,0,7.15555573
1,1,User_2,1,Baseline,,2.13061,0,7.166667
2,2,User_2,1,Baseline,,2.13061,0,7.177778
3,3,User_2,1,Baseline,,2.12605143,0,7.188889
4,4,User_2,1,Baseline,,2.124281,0,7.20000029
5,5,User_2,1,Baseline,,2.124281,0,7.211111
6,6,User_2,1,Baseline,,2.12005758,0,7.22222233
7,7,User_2,1,Baseline,,2.11850476,0,7.23333359
8,8,User_2,1,Baseline,,2.1166048,0,7.244445
9,9,User_2,1,Baseline,,2.11464119,0,7.25555563
10,10,User_2,1,Baseline,,2.1125102,0,7.266667
11,11,User_2,1,Baseline,,2.11077571,0,7.277778
12,12,User_2,1,Baseline,,2.10875487,0,7.288889
13,13,User_2,1,Baseline,,2.10706,0,7.3
14,14,User_2,1,Baseline,,2.1052939999999998,0,7.31111145
15,15,User_2,1,Baseline,,2.10335088,0,7.322222
16,16,User_2,1,Baseline,,2.10166144,0,7.33333349
17,17,User_2,1,Baseline,,2.09986329,0,7.34444475
18,18,User_2,1,Baseline,,2.09811926,0,7.35555553
19,19,User_2,1,Baseline,,2.09648776,0,7.366667
20,20,User_2,1,Baseline,,2.09486675,0,7.377778
21,21,User_2,1,Baseline,,2.09314823,0,7.388889
22,22,User_2,1,Baseline,,2.09165478,0,7.4
23,23,User_2,1,Baseline,,2.09014964,0,7.41111135
24,24,User_2,1,Baseline,,2.08854365,0,7.42222261
25,25,User_2,1,Baseline,,2.08701229,0,7.4333334
26,26,User_2,1,Baseline,,2.08557439,0,7.44444466
27,27,User_2,1,Baseline,,2.0840528,0,7.455556
28,28,User_2,1,Baseline,,2.082688,0,7.4666667
29,29,User_2,1,Baseline,,2.08135986,0,7.477778
30,30,User_2,1,Baseline,,2.08001065,0,7.488889
31,31,User_2,1,Baseline,,2.07879186,0,7.5
32,32,User_2,1,Baseline,,2.07746482,0,7.51111126
33,33,User_2,1,Baseline,,2.076211,0,7.52222252
34,34,User_2,1,Baseline,,2.07506943,0,7.5333333
35,35,User_2,1,Baseline,,2.07384014,0,7.54444456
36,36,User_2,1,Baseline,,2.07384014,0,7.555556
37,37,User_2,1,Baseline,,2.07384014,0,7.566667
38,38,User_2,1,Baseline,,2.07384014,0,7.577778
39,39,User_2,1,Baseline,,2.07384014,0,7.588889
40,40,User_2,1,Baseline,,2.07384014,0,7.60000038
41,41,User_2,1,Baseline,,2.07384014,0,7.611111
42,42,User_2,1,Baseline,,2.07384014,0,7.62222242
43,43,User_2,1,Baseline,,2.06625342,0,7.63333368
44,44,User_2,1,Baseline,,2.0650723,0,7.64444447
45,45,User_2,1,Baseline,,2.06430173,0,7.65555573
46,46,User_2,1,Baseline,,2.06365442,0,7.666667
47,47,User_2,1,Baseline,,2.06324124,0,7.677778
48,48,User_2,1,Baseline,,2.062588,0,7.688889
49,49,User_2,1,Baseline,,2.0620048,0,7.70000029
50,50,User_2,1,Baseline,,2.06148458,0,7.711111
51,51,User_2,1,Baseline,,2.060994,0,7.72222233
52,52,User_2,1,Baseline,,2.06054378,0,7.73333359
53,53,User_2,1,Baseline,,2.06013155,0,7.744445
54,54,User_2,1,Baseline,,2.05975938,0,7.75555563
55,55,User_2,1,Baseline,,2.05945659,0,7.766667
56,56,User_2,1,Baseline,,2.059089,0,7.777778
57,57,User_2,1,Baseline,,2.059089,0,7.788889
58,58,User_2,1,Baseline,,2.05876756,0,7.8
59,59,User_2,1,Baseline,,2.058639,0,7.81111145
60,60,User_2,1,Baseline,,2.058539,0,7.822222
61,61,User_2,1,Baseline,,2.05849028,0,7.83333349
62,62,User_2,1,Baseline,,2.05848432,0,7.84444475
63,63,User_2,1,Baseline,,2.05854368,0,7.85555553
64,64,User_2,1,Baseline,,2.0585928,0,7.866667
65,65,User_2,1,Baseline,,2.0587244,0,7.877778
66,66,User_2,1,Baseline,,2.0588994,0,7.88888931
67,67,User_2,1,Baseline,,2.05914235,0,7.9
68,68,User_2,1,Baseline,,2.05945277,0,7.91111135
69,69,User_2,1,Baseline,,2.05945277,0,7.92222261
70,70,User_2,1,Baseline,,2.06003165,0,7.9333334
71,71,User_2,1,Baseline,,2.06053138,0,7.94444466
72,72,User_2,1,Baseline,,2.06085372,0,7.955556
73,73,User_2,1,Baseline,,2.061316,0,7.9666667
74,74,User_2,1,Baseline,,2.06179166,0,7.977778
75,75,User_2,1,Baseline,,2.06241846,0,7.988889
76,76,User_2,1,Baseline,,2.06295085,0,8.0
77,77,User_2,1,Baseline,,2.06361055,0,8.011111
78,78,User_2,1,Baseline,,2.064306,0,8.02222252
79,79,User_2,1,Baseline,,2.06497335,0,8.033334
80,80,User_2,1,Baseline,,2.06577635,0,8.044445
81,81,User_2,1,Baseline,,2.06653857,0,8.055555
82,82,User_2,1,Baseline,,2.06738544,0,8.066667
83,83,User_2,1,Baseline,,2.06823039,0,8.077778
84,84,User_2,1,Baseline,,2.069185,0,8.088889
85,85,User_2,1,Baseline,,2.07019472,0,8.1
86,86,User_2,1,Baseline,,2.0712450000000002,0,8.111112
87,87,User_2,1,Baseline,,2.07221723,0,8.122222
88,88,User_2,1,Baseline,,2.073378,0,8.133333
89,89,User_2,1,Baseline,,2.07446432,0,8.144444
90,90,User_2,1,Baseline,,2.07571435,0,8.155556
91,91,User_2,1,Baseline,,2.076817,0,8.166667
92,92,User_2,1,Baseline,,2.078062,0,8.177778
93,93,User_2,1,Baseline,,2.07927728,0,8.1888895
94,94,User_2,1,Baseline,,2.08074284,0,8.2
95,95,User_2,1,Baseline,,2.08195448,0,8.211111
96,96,User_2,1,Baseline,,2.0833118,0,8.222222
97,97,User_2,1,Baseline,,2.08472586,0,8.233334
98,98,User_2,1,Baseline,,2.08622813,0,8.244445
99,99,User_2,1,Baseline,,2.08773851,0,8.255556
100,100,User_2,1,Baseline,,2.0893497500000002,0,8.266666
101,101,User_2,1,Baseline,,2.090733,0,8.277778
102,102,User_2,1,Baseline,,2.09229732,0,8.288889
103,103,User_2,1,Baseline,,2.09398818,0,8.3
104,104,User_2,1,Baseline,,2.09547853,0,8.311111
105,105,User_2,1,Baseline,,2.09712029,0,8.322223
106,106,User_2,1,Baseline,,2.09885168,0,8.333334
107,107,User_2,1,Baseline,,2.100565,0,8.344444
108,108,User_2,1,Baseline,,2.10239434,0,8.355556
109,109,User_2,1,Baseline,,2.10413957,0,8.366667
110,110,User_2,1,Baseline,,2.106018,0,8.377778
111,111,User_2,1,Baseline,,2.10788178,0,8.388889
112,112,User_2,1,Baseline,,2.10979271,0,8.400001
113,113,User_2,1,Baseline,,2.111817,0,8.411111
114,114,User_2,1,Baseline,,2.11373329,0,8.422222
115,115,User_2,1,Baseline,,2.11373329,0,8.433333
116,116,User_2,1,Baseline,,2.117634,0,8.444445
117,117,User_2,1,Baseline,,2.11945724,0,8.455556
118,118,User_2,1,Baseline,,2.121761,0,8.466667
119,119,User_2,1,Baseline,,2.123145,0,8.477778
120,120,User_2,1,Baseline,,2.1250937,0,8.488889
121,121,User_2,1,Baseline,,2.12727,0,8.5
122,122,User_2,1,Baseline,,2.129233,0,8.511111
123,123,User_2,1,Baseline,,2.1314075,0,8.52222252
124,124,User_2,1,Baseline,,2.13346624,0,8.533334
125,125,User_2,1,Baseline,,2.13558125,0,8.544445
126,126,User_2,1,Baseline,,2.137729,0,8.555555
127,127,User_2,1,Baseline,,2.13997459,0,8.566667
128,128,User_2,1,Baseline,,2.142061,0,8.577778
129,129,User_2,1,Baseline,,2.14416647,0,8.588889
130,130,User_2,1,Baseline,,2.14638257,0,8.6
131,131,User_2,1,Baseline,,2.14867139,0,8.611112
132,132,User_2,1,Baseline,,2.15086,0,8.622223
133,133,User_2,1,Baseline,,2.153066,0,8.633333
134,134,User_2,1,Baseline,,2.15522885,0,8.644444
135,135,User_2,1,Baseline,,2.15773559,0,8.655556
136,136,User_2,1,Baseline,,2.159786,0,8.666667
137,137,User_2,1,Baseline,,2.16186428,0,8.677778
138,138,User_2,1,Baseline,,2.164212,0,8.6888895
139,139,User_2,1,Baseline,,2.166461,0,8.7
140,140,User_2,1,Baseline,,2.1687324,0,8.711111
141,141,User_2,1,Baseline,,2.170975,0,8.722222
142,142,User_2,1,Baseline,,2.17319369,0,8.733334
143,143,User_2,1,Baseline,,2.17587686,0,8.744445
144,144,User_2,1,Baseline,,2.178063,0,8.755556
145,145,User_2,1,Baseline,,2.18043661,0,8.766666
146,146,User_2,1,Baseline,,2.18282437,0,8.777778
147,147,User_2,1,Baseline,,2.18497562,0,8.788889
148,148,User_2,1,Baseline,,2.18716121,0,8.8
149,149,User_2,1,Baseline,,2.1896,0,8.811111
150,150,User_2,1,Baseline,,2.19182849,0,8.822223
151,151,User_2,1,Baseline,,2.19416022,0,8.833334
152,152,User_2,1,Baseline,,2.196348,0,8.844444
153,153,User_2,1,Baseline,,2.198635,0,8.855556
154,154,User_2,1,Baseline,,2.20108652,0,8.866667
155,155,User_2,1,Baseline,,2.20338178,0,8.877778
156,156,User_2,1,Baseline,,2.205724,0,8.888889
157,157,User_2,1,Baseline,,2.20806885,0,8.900001
158,158,User_2,1,Baseline,,2.21049428,0,8.911111
159,159,User_2,1,Baseline,,2.21281815,0,8.922222
160,160,User_2,1,Baseline,,2.21506763,0,8.933333
161,161,User_2,1,Baseline,,2.21734047,0,8.944445
162,162,User_2,1,Baseline,,2.21962619,0,8.955556
163,163,User_2,1,Baseline,,2.22200871,0,8.966667
164,164,User_2,1,Baseline,,2.22426534,0,8.977778
165,165,User_2,1,Baseline,,2.2264936,0,8.988889
166,166,User_2,1,Baseline,,2.22869062,0,9.0
167,167,User_2,1,Baseline,,2.23108125,0,9.011111
168,168,User_2,1,Baseline,,2.23325038,0,9.02222252
169,169,User_2,1,Baseline,,2.2354846,0,9.033334
170,170,User_2,1,Baseline,,2.237555,0,9.044445
171,171,User_2,1,Baseline,,2.23981833,0,9.055555
172,172,User_2,1,Baseline,,2.24184871,0,9.066667
173,173,User_2,1,Baseline,,2.24395347,0,9.077778
174,174,User_2,1,Baseline,,2.24627757,0,9.088889
175,175,User_2,1,Baseline,,2.24830055,0,9.1
176,176,User_2,1,Baseline,,2.25037742,0,9.111112
177,177,User_2,1,Baseline,,2.2524290000000002,0,9.122223
178,178,User_2,1,Baseline,,2.254518,0,9.133333
179,179,User_2,1,Baseline,,2.25645924,0,9.144444
180,180,User_2,1,Baseline,,2.258426,0,9.155556
181,181,User_2,1,Baseline,,2.26031232,0,9.166667
182,182,User_2,1,Baseline,,2.26246929,0,9.177778
183,183,User_2,1,Baseline,,2.264354,0,9.1888895
184,184,User_2,1,Baseline,,2.26630569,0,9.2
185,185,User_2,1,Baseline,,2.26811314,0,9.211111
186,186,User_2,1,Baseline,,2.26996136,0,9.222222
187,187,User_2,1,Baseline,,2.27180433,0,9.233334
188,188,User_2,1,Baseline,,2.27361155,0,9.244445
189,189,User_2,1,Baseline,,2.27550077,0,9.255556
190,190,User_2,1,Baseline,,2.27743149,0,9.266667
191,191,User_2,1,Baseline,,2.27908945,0,9.277778
192,192,User_2,1,Baseline,,2.28102875,0,9.288889
193,193,User_2,1,Baseline,,2.28294349,0,9.3
194,194,User_2,1,Baseline,,2.28450775,0,9.311111
195,195,User_2,1,Baseline,,2.286083,0,9.322223
196,196,User_2,1,Baseline,,2.28774786,0,9.333334
197,197,User_2,1,Baseline,,2.28946018,0,9.344444
198,198,User_2,1,Baseline,,2.29097366,0,9.355556
199,199,User_2,1,Baseline,,2.29266977,0,9.366667
200,200,User_2,1,Baseline,,2.294203,0,9.377778
201,201,User_2,1,Baseline,,2.29581571,0,9.388889
202,202,User_2,1,Baseline,,2.29716682,0,9.400001
203,203,User_2,1,Baseline,,2.298746,0,9.411111
204,204,User_2,1,Baseline,,2.30024076,0,9.422222
205,205,User_2,1,Baseline,,2.30158162,0,9.433333
206,206,User_2,1,Baseline,,2.30305648,0,9.444445
207,207,User_2,1,Baseline,,2.30305648,0,9.455556
208,208,User_2,1,Baseline,,2.305064,0,9.466667
209,209,User_2,1,Baseline,,2.30712414,0,9.477778
210,210,User_2,1,Baseline,,2.30839062,0,9.488889
211,211,User_2,1,Baseline,,2.30839062,0,9.5
212,212,User_2,1,Baseline,,2.3104012,0,9.511111
213,213,User_2,1,Baseline,,2.31271148,0,9.52222252
214,214,User_2,1,Baseline,,2.31271148,0,9.533334
215,215,User_2,1,Baseline,,2.314869,0,9.544445
216,216,User_2,1,Baseline,,2.31579137,0,9.555555
217,217,User_2,1,Baseline,,2.31688118,0,9.566667
218,218,User_2,1,Baseline,,2.317997,0,9.577778
219,219,User_2,1,Baseline,,2.31909776,0,9.588889
220,220,User_2,1,Baseline,,2.32020068,0,9.6
221,221,User_2,1,Baseline,,2.32123566,0,9.611112
222,222,User_2,1,Baseline,,2.32229137,0,9.622223
223,223,User_2,1,Baseline,,2.32330084,0,9.633333
224,224,User_2,1,Baseline,,2.32427,0,9.644444
225,225,User_2,1,Baseline,,2.32512569,0,9.655556
226,226,User_2,1,Baseline,,2.32602262,0,9.666667
227,227,User_2,1,Baseline,,2.3269539999999997,0,9.677778
228,228,User_2,1,Baseline,,2.32781172,0,9.6888895
229,229,User_2,1,Baseline,,2.328666,0,9.7
230,230,User_2,1,Baseline,,2.32949424,0,9.711111
231,231,User_2,1,Baseline,,2.33022237,0,9.722222
232,232,User_2,1,Baseline,,2.33103061,0,9.733334
233,233,User_2,1,Baseline,,2.33179,0,9.744445
234,234,User_2,1,Baseline,,2.33246064,0,9.755556
235,235,User_2,1,Baseline,,2.33317947,0,9.766667
236,236,User_2,1,Baseline,,2.33384562,0,9.777778
237,237,User_2,1,Baseline,,2.33449364,0,9.788889
238,238,User_2,1,Baseline,,2.33509088,0,9.8
239,239,User_2,1,Baseline,,2.33569932,0,9.811111
240,240,User_2,1,Baseline,,2.33628,0,9.822223
241,241,User_2,1,Baseline,,2.33682084,0,9.833334
242,242,User_2,1,Baseline,,2.33734155,0,9.844444
243,243,User_2,1,Baseline,,2.33789539,0,9.855556
244,244,User_2,1,Baseline,,2.33835125,0,9.866667
245,245,User_2,1,Baseline,,2.338815,0,9.877778
246,246,User_2,1,Baseline,,2.33926868,0,9.888889
247,247,User_2,1,Baseline,,2.33968568,0,9.900001
248,248,User_2,1,Baseline,,2.34008932,0,9.911111
249,249,User_2,1,Baseline,,2.340465,0,9.922222
250,250,User_2,1,Baseline,,2.34080553,0,9.933333
251,251,User_2,1,Baseline,,2.341136,0,9.944445
252,252,User_2,1,Baseline,,2.34144735,0,9.955556
253,253,User_2,1,Baseline,,2.3417418,0,9.966667
254,254,User_2,1,Baseline,,2.3420155,0,9.977778
255,255,User_2,1,Baseline,,2.34226918,0,9.988889
256,256,User_2,1,Baseline,,2.34249234,0,10.0
257,257,User_2,1,Baseline,,2.34269786,0,10.0111113
258,258,User_2,1,Baseline,,2.34290576,0,10.0222225
259,259,User_2,1,Baseline,,2.34307718,0,10.0333338
260,260,User_2,1,Baseline,,2.34323335,0,10.044445
261,261,User_2,1,Baseline,,2.34338713,0,10.0555553
262,262,User_2,1,Baseline,,2.34350967,0,10.0666666
263,263,User_2,1,Baseline,,2.343621,0,10.0777779
264,264,User_2,1,Baseline,,2.34371948,0,10.0888891
265,265,User_2,1,Baseline,,2.34380269,0,10.1
266,266,User_2,1,Baseline,,2.343873,0,10.1111116
267,267,User_2,1,Baseline,,2.34393167,0,10.1222229
268,268,User_2,1,Baseline,,2.34397054,0,10.1333332
269,269,User_2,1,Baseline,,2.34400153,0,10.1444445
0,0,User_2,0,Testing,,1.86787748,0,34.2444458
1,1,User_2,0,Testing,,1.86787748,0,34.255558
2,2,User_2,0,Testing,,2.218085,0,34.2666664
3,3,User_2,0,Testing,,2.21939564,0,34.27778
4,4,User_2,0,Testing,,2.22043276,0,34.28889
5,5,User_2,0,Testing,,2.22043276,0,34.3
6,6,User_2,0,Testing,,2.222919,0,34.31111
7,7,User_2,0,Testing,,2.22356987,0,34.3222237
8,8,User_2,0,Testing,,2.22420859,0,34.3333359
9,9,User_2,0,Testing,,2.22538042,0,34.3444443
10,10,User_2,0,Testing,,2.22632337,0,34.3555565
11,11,User_2,0,Testing,,2.227487,0,34.36667
12,12,User_2,0,Testing,,2.22850561,0,34.3777771
13,13,User_2,0,Testing,,2.22961235,0,34.38889
14,14,User_2,0,Testing,,2.2308228,0,34.4
15,15,User_2,0,Testing,,2.2321105,0,34.4111137
16,16,User_2,0,Testing,,2.2321105,0,34.4222221
17,17,User_2,0,Testing,,2.2339294,0,34.4333344
18,18,User_2,0,Testing,,2.235397,0,34.4444466
19,19,User_2,0,Testing,,2.2360034,0,34.455555
20,20,User_2,0,Testing,,2.23718119,0,34.4666672
21,21,User_2,0,Testing,,2.23858333,0,34.47778
22,22,User_2,0,Testing,,2.23858333,0,34.48889
23,23,User_2,0,Testing,,2.241156,0,34.5
24,24,User_2,0,Testing,,2.241762,0,34.5111122
25,25,User_2,0,Testing,,2.242459,0,34.5222244
26,26,User_2,0,Testing,,2.24355865,0,34.5333328
27,27,User_2,0,Testing,,2.24469972,0,34.544445
28,28,User_2,0,Testing,,2.24576068,0,34.5555573
29,29,User_2,0,Testing,,2.24678087,0,34.5666656
30,30,User_2,0,Testing,,2.24817944,0,34.5777779
31,31,User_2,0,Testing,,2.24976659,0,34.58889
32,32,User_2,0,Testing,,2.250485,0,34.6000023
33,33,User_2,0,Testing,,2.25111246,0,34.61111
34,34,User_2,0,Testing,,2.25217581,0,34.6222229
35,35,User_2,0,Testing,,2.253293,0,34.6333351
36,36,User_2,0,Testing,,2.25436354,0,34.6444435
37,37,User_2,0,Testing,,2.25545859,0,34.6555557
38,38,User_2,0,Testing,,2.2565167,0,34.6666679
39,39,User_2,0,Testing,,2.25759959,0,34.67778
40,40,User_2,0,Testing,,2.258788,0,34.68889
41,41,User_2,0,Testing,,2.259711,0,34.7
42,42,User_2,0,Testing,,2.260803,0,34.711113
43,43,User_2,0,Testing,,2.26188326,0,34.72222
44,44,User_2,0,Testing,,2.26294827,0,34.7333336
45,45,User_2,0,Testing,,2.26407623,0,34.7444458
46,46,User_2,0,Testing,,2.26510859,0,34.755558
47,47,User_2,0,Testing,,2.26620531,0,34.7666664
48,48,User_2,0,Testing,,2.26726,0,34.77778
49,49,User_2,0,Testing,,2.26840448,0,34.78889
50,50,User_2,0,Testing,,2.26941776,0,34.8
51,51,User_2,0,Testing,,2.2705113900000002,0,34.81111
52,52,User_2,0,Testing,,2.27152967,0,34.8222237
53,53,User_2,0,Testing,,2.27260423,0,34.8333359
54,54,User_2,0,Testing,,2.27375865,0,34.8444443
55,55,User_2,0,Testing,,2.27477765,0,34.8555565
56,56,User_2,0,Testing,,2.27582216,0,34.86667
57,57,User_2,0,Testing,,2.27693033,0,34.8777771
58,58,User_2,0,Testing,,2.2780056,0,34.88889
59,59,User_2,0,Testing,,2.27906466,0,34.9
60,60,User_2,0,Testing,,2.280157,0,34.9111137
61,61,User_2,0,Testing,,2.28110957,0,34.9222221
62,62,User_2,0,Testing,,2.28223872,0,34.9333344
63,63,User_2,0,Testing,,2.28333282,0,34.9444466
64,64,User_2,0,Testing,,2.28438282,0,34.955555
65,65,User_2,0,Testing,,2.28549314,0,34.9666672
66,66,User_2,0,Testing,,2.28649187,0,34.97778
67,67,User_2,0,Testing,,2.28756118,0,34.98889
68,68,User_2,0,Testing,,2.28870964,0,35.0
69,69,User_2,0,Testing,,2.289748,0,35.0111122
70,70,User_2,0,Testing,,2.2907830000000002,0,35.0222244
71,71,User_2,0,Testing,,2.29185677,0,35.0333328
72,72,User_2,0,Testing,,2.29296327,0,35.044445
73,73,User_2,0,Testing,,2.29401183,0,35.0555573
74,74,User_2,0,Testing,,2.295054,0,35.0666656
75,75,User_2,0,Testing,,2.29619026,0,35.0777779
76,76,User_2,0,Testing,,2.297233,0,35.08889
77,77,User_2,0,Testing,,2.29829168,0,35.1000023
78,78,User_2,0,Testing,,2.299377,0,35.11111
79,79,User_2,0,Testing,,2.300463,0,35.1222229
80,80,User_2,0,Testing,,2.30147457,0,35.1333351
81,81,User_2,0,Testing,,2.3027277,0,35.1444435
82,82,User_2,0,Testing,,2.30402946,0,35.1555557
83,83,User_2,0,Testing,,2.30402946,0,35.1666679
84,84,User_2,0,Testing,,2.30543852,0,35.17778
85,85,User_2,0,Testing,,2.30628419,0,35.18889
86,86,User_2,0,Testing,,2.30730486,0,35.2
87,87,User_2,0,Testing,,2.30928755,0,35.211113
88,88,User_2,0,Testing,,2.30994987,0,35.22222
89,89,User_2,0,Testing,,2.31061125,0,35.2333336
90,90,User_2,0,Testing,,2.31150913,0,35.2444458
91,91,User_2,0,Testing,,2.3125648500000002,0,35.255558
92,92,User_2,0,Testing,,2.3136003,0,35.2666664
93,93,User_2,0,Testing,,2.31461215,0,35.27778
94,94,User_2,0,Testing,,2.31561971,0,35.28889
95,95,User_2,0,Testing,,2.31663752,0,35.3
96,96,User_2,0,Testing,,2.31768584,0,35.31111
97,97,User_2,0,Testing,,2.31867218,0,35.3222237
98,98,User_2,0,Testing,,2.31966352,0,35.3333359
99,99,User_2,0,Testing,,2.320705,0,35.3444443
100,100,User_2,0,Testing,,2.32179022,0,35.3555565
101,101,User_2,0,Testing,,2.32279921,0,35.36667
102,102,User_2,0,Testing,,2.3237288,0,35.3777771
103,103,User_2,0,Testing,,2.3247970000000002,0,35.38889
104,104,User_2,0,Testing,,2.32626677,0,35.4
105,105,User_2,0,Testing,,2.32626677,0,35.4111137
106,106,User_2,0,Testing,,2.327837,0,35.4222221
107,107,User_2,0,Testing,,2.32897282,0,35.4333344
108,108,User_2,0,Testing,,2.329655,0,35.4444466
109,109,User_2,0,Testing,,2.33073521,0,35.455555
110,110,User_2,0,Testing,,2.33187413,0,35.4666672
111,111,User_2,0,Testing,,2.33289242,0,35.47778
112,112,User_2,0,Testing,,2.3339657799999998,0,35.48889
113,113,User_2,0,Testing,,2.33508682,0,35.5
114,114,User_2,0,Testing,,2.33632755,0,35.5111122
115,115,User_2,0,Testing,,2.33632755,0,35.5222244
116,116,User_2,0,Testing,,2.338243,0,35.5333328
117,117,User_2,0,Testing,,2.338962,0,35.544445
118,118,User_2,0,Testing,,2.3400237600000002,0,35.5555573
119,119,User_2,0,Testing,,2.34114265,0,35.5666656
120,120,User_2,0,Testing,,2.34185886,0,35.5777779
121,121,User_2,0,Testing,,2.3426044,0,35.58889
122,122,User_2,0,Testing,,2.34331,0,35.6000023
123,123,User_2,0,Testing,,2.34435678,0,35.61111
124,124,User_2,0,Testing,,2.34556723,0,35.6222229
125,125,User_2,0,Testing,,2.3468132,0,35.6333351
126,126,User_2,0,Testing,,2.34751821,0,35.6444435
127,127,User_2,0,Testing,,2.34817076,0,35.6555557
128,128,User_2,0,Testing,,2.3489269999999998,0,35.6666679
129,129,User_2,0,Testing,,2.349941,0,35.67778
130,130,User_2,0,Testing,,2.35091519,0,35.68889
131,131,User_2,0,Testing,,2.35180354,0,35.7
132,132,User_2,0,Testing,,2.35270739,0,35.711113
133,133,User_2,0,Testing,,2.353638,0,35.72222
134,134,User_2,0,Testing,,2.35459328,0,35.7333336
135,135,User_2,0,Testing,,2.35550761,0,35.7444458
136,136,User_2,0,Testing,,2.3563962,0,35.755558
137,137,User_2,0,Testing,,2.35730767,0,35.7666664
138,138,User_2,0,Testing,,2.35817838,0,35.77778
139,139,User_2,0,Testing,,2.35910916,0,35.78889
140,140,User_2,0,Testing,,2.35999346,0,35.8
141,141,User_2,0,Testing,,2.36087823,0,35.81111
142,142,User_2,0,Testing,,2.36179519,0,35.8222237
143,143,User_2,0,Testing,,2.36264038,0,35.8333359
144,144,User_2,0,Testing,,2.363635,0,35.8444443
145,145,User_2,0,Testing,,2.36444449,0,35.8555565
146,146,User_2,0,Testing,,2.36531878,0,35.86667
147,147,User_2,0,Testing,,2.36618423,0,35.8777771
148,148,User_2,0,Testing,,2.367053,0,35.88889
149,149,User_2,0,Testing,,2.36800933,0,35.9
150,150,User_2,0,Testing,,2.368775,0,35.9111137
151,151,User_2,0,Testing,,2.36969829,0,35.9222221
152,152,User_2,0,Testing,,2.3705678,0,35.9333344
153,153,User_2,0,Testing,,2.371361,0,35.9444466
154,154,User_2,0,Testing,,2.372273,0,35.955555
155,155,User_2,0,Testing,,2.37308383,0,35.9666672
156,156,User_2,0,Testing,,2.37392759,0,35.97778
157,157,User_2,0,Testing,,2.374771,0,35.98889
158,158,User_2,0,Testing,,2.37558317,0,36.0
159,159,User_2,0,Testing,,2.37643623,0,36.0111122
160,160,User_2,0,Testing,,2.37727261,0,36.0222244
161,161,User_2,0,Testing,,2.37812281,0,36.0333328
162,162,User_2,0,Testing,,2.3789506,0,36.044445
163,163,User_2,0,Testing,,2.37978148,0,36.0555573
164,164,User_2,0,Testing,,2.380625,0,36.0666656
165,165,User_2,0,Testing,,2.38145518,0,36.0777779
166,166,User_2,0,Testing,,2.38227272,0,36.08889
167,167,User_2,0,Testing,,2.3830955,0,36.1000023
168,168,User_2,0,Testing,,2.38400459,0,36.11111
169,169,User_2,0,Testing,,2.38472366,0,36.1222229
170,170,User_2,0,Testing,,2.38556767,0,36.1333351
171,171,User_2,0,Testing,,2.386386,0,36.1444435
172,172,User_2,0,Testing,,2.3871603,0,36.1555557
173,173,User_2,0,Testing,,2.38803935,0,36.1666679
174,174,User_2,0,Testing,,2.388804,0,36.17778
175,175,User_2,0,Testing,,2.38955975,0,36.18889
176,176,User_2,0,Testing,,2.39033675,0,36.2
177,177,User_2,0,Testing,,2.39113283,0,36.211113
178,178,User_2,0,Testing,,2.39190149,0,36.22222
179,179,User_2,0,Testing,,2.39267325,0,36.2333336
180,180,User_2,0,Testing,,2.39342976,0,36.2444458
181,181,User_2,0,Testing,,2.39421749,0,36.255558
182,182,User_2,0,Testing,,2.39493656,0,36.2666664
183,183,User_2,0,Testing,,2.395696,0,36.27778
184,184,User_2,0,Testing,,2.396468,0,36.28889
185,185,User_2,0,Testing,,2.39714122,0,36.3
186,186,User_2,0,Testing,,2.39792228,0,36.31111
187,187,User_2,0,Testing,,2.3985815,0,36.3222237
188,188,User_2,0,Testing,,2.39928079,0,36.3333359
189,189,User_2,0,Testing,,2.399999,0,36.3444443
190,190,User_2,0,Testing,,2.40070248,0,36.3555565
191,191,User_2,0,Testing,,2.401401,0,36.36667
192,192,User_2,0,Testing,,2.402098,0,36.3777771
193,193,User_2,0,Testing,,2.4028169999999998,0,36.38889
194,194,User_2,0,Testing,,2.40349746,0,36.4
195,195,User_2,0,Testing,,2.40416622,0,36.4111137
196,196,User_2,0,Testing,,2.40488243,0,36.4222221
197,197,User_2,0,Testing,,2.405555,0,36.4333344
198,198,User_2,0,Testing,,2.406214,0,36.4444466
199,199,User_2,0,Testing,,2.406913,0,36.455555
200,200,User_2,0,Testing,,2.407512,0,36.4666672
201,201,User_2,0,Testing,,2.40815926,0,36.47778
202,202,User_2,0,Testing,,2.40880847,0,36.48889
203,203,User_2,0,Testing,,2.40945959,0,36.5
204,204,User_2,0,Testing,,2.4101179999999998,0,36.5111122
205,205,User_2,0,Testing,,2.410751,0,36.5222244
206,206,User_2,0,Testing,,2.411393,0,36.5333328
207,207,User_2,0,Testing,,2.41204548,0,36.544445
208,208,User_2,0,Testing,,2.41262221,0,36.5555573
209,209,User_2,0,Testing,,2.41323447,0,36.5666656
210,210,User_2,0,Testing,,2.41385055,0,36.5777779
211,211,User_2,0,Testing,,2.41446638,0,36.58889
212,212,User_2,0,Testing,,2.415078,0,36.6000023
213,213,User_2,0,Testing,,2.41567659,0,36.61111
214,214,User_2,0,Testing,,2.41626525,0,36.6222229
215,215,User_2,0,Testing,,2.416855,0,36.6333351
216,216,User_2,0,Testing,,2.4174366,0,36.6444435
217,217,User_2,0,Testing,,2.41798568,0,36.6555557
218,218,User_2,0,Testing,,2.41856813,0,36.6666679
219,219,User_2,0,Testing,,2.41913438,0,36.67778
220,220,User_2,0,Testing,,2.41973972,0,36.68889
221,221,User_2,0,Testing,,2.4203405399999998,0,36.7
222,222,User_2,0,Testing,,2.42085338,0,36.711113
223,223,User_2,0,Testing,,2.42134142,0,36.72222
224,224,User_2,0,Testing,,2.42189741,0,36.7333336
225,225,User_2,0,Testing,,2.42245388,0,36.7444458
226,226,User_2,0,Testing,,2.42295766,0,36.755558
227,227,User_2,0,Testing,,2.4234798,0,36.7666664
228,228,User_2,0,Testing,,2.4240067,0,36.77778
229,229,User_2,0,Testing,,2.424582,0,36.78889
230,230,User_2,0,Testing,,2.42501426,0,36.8
231,231,User_2,0,Testing,,2.42554188,0,36.81111
232,232,User_2,0,Testing,,2.42605066,0,36.8222237
233,233,User_2,0,Testing,,2.4265182,0,36.8333359
234,234,User_2,0,Testing,,2.42704,0,36.8444443
235,235,User_2,0,Testing,,2.42751741,0,36.8555565
236,236,User_2,0,Testing,,2.42796516,0,36.86667
237,237,User_2,0,Testing,,2.42843938,0,36.8777771
238,238,User_2,0,Testing,,2.42892146,0,36.88889
239,239,User_2,0,Testing,,2.4293766,0,36.9
240,240,User_2,0,Testing,,2.4298322199999998,0,36.9111137
241,241,User_2,0,Testing,,2.43026662,0,36.9222221
242,242,User_2,0,Testing,,2.43073082,0,36.9333344
243,243,User_2,0,Testing,,2.43114829,0,36.9444466
244,244,User_2,0,Testing,,2.43159151,0,36.955555
245,245,User_2,0,Testing,,2.432012,0,36.9666672
246,246,User_2,0,Testing,,2.4324221599999998,0,36.97778
247,247,User_2,0,Testing,,2.43284488,0,36.98889
248,248,User_2,0,Testing,,2.43325424,0,37.0
249,249,User_2,0,Testing,,2.43366933,0,37.0111122
250,250,User_2,0,Testing,,2.43407059,0,37.0222244
251,251,User_2,0,Testing,,2.43447447,0,37.0333328
252,252,User_2,0,Testing,,2.43486834,0,37.044445
253,253,User_2,0,Testing,,2.43525934,0,37.0555573
254,254,User_2,0,Testing,,2.43559742,0,37.06667
255,255,User_2,0,Testing,,2.43597269,0,37.0777779
256,256,User_2,0,Testing,,2.436328,0,37.08889
257,257,User_2,0,Testing,,2.43669772,0,37.1000023
258,258,User_2,0,Testing,,2.43707156,0,37.11111
259,259,User_2,0,Testing,,2.43742228,0,37.1222229
260,260,User_2,0,Testing,,2.437733,0,37.1333351
261,261,User_2,0,Testing,,2.43808413,0,37.1444435
262,262,User_2,0,Testing,,2.43840837,0,37.1555557
263,263,User_2,0,Testing,,2.438737,0,37.1666679
264,264,User_2,0,Testing,,2.43905687,0,37.17778
265,265,User_2,0,Testing,,2.43936014,0,37.18889
266,266,User_2,0,Testing,,2.4396708,0,37.2
267,267,User_2,0,Testing,,2.43997359,0,37.211113
268,268,User_2,0,Testing,,2.4402504,0,37.22222
269,269,User_2,0,Testing,,2.440543,0,37.2333336
270,270,User_2,0,Testing,,2.44083142,0,37.2444458
0,0,User_2,1,Testing,,1.9987986100000001,0,42.0222244
1,1,User_2,1,Testing,,1.99682081,0,42.0333328
2,2,User_2,1,Testing,,1.99458563,0,42.044445
3,3,User_2,1,Testing,,1.99186587,0,42.0555573
4,4,User_2,1,Testing,,1.99080193,0,42.06667
5,5,User_2,1,Testing,,1.98874283,0,42.0777779
6,6,User_2,1,Testing,,1.98638785,0,42.08889
7,7,User_2,1,Testing,,1.98638785,0,42.1000023
8,8,User_2,1,Testing,,1.9826784100000001,0,42.11111
9,9,User_2,1,Testing,,1.980096,0,42.1222229
10,10,User_2,1,Testing,,1.9790102200000002,0,42.1333351
11,11,User_2,1,Testing,,1.9773808700000002,0,42.1444473
12,12,User_2,1,Testing,,1.97538972,0,42.1555557
13,13,User_2,1,Testing,,1.9734674700000001,0,42.1666679
14,14,User_2,1,Testing,,1.9715756199999999,0,42.17778
15,15,User_2,1,Testing,,1.9696197500000001,0,42.18889
16,16,User_2,1,Testing,,1.9677285,0,42.2
17,17,User_2,1,Testing,,1.96574175,0,42.211113
18,18,User_2,1,Testing,,1.9638297599999999,0,42.22222
19,19,User_2,1,Testing,,1.96175027,0,42.2333336
20,20,User_2,1,Testing,,1.95973563,0,42.2444458
21,21,User_2,1,Testing,,1.95794785,0,42.255558
22,22,User_2,1,Testing,,1.9560055699999999,0,42.2666664
23,23,User_2,1,Testing,,1.9539175,0,42.27778
24,24,User_2,1,Testing,,1.95211565,0,42.28889
25,25,User_2,1,Testing,,1.95020032,0,42.3
26,26,User_2,1,Testing,,1.9476377999999999,0,42.31111
27,27,User_2,1,Testing,,1.9476377999999999,0,42.3222237
28,28,User_2,1,Testing,,1.94418979,0,42.3333359
29,29,User_2,1,Testing,,1.9420438999999998,0,42.3444443
30,30,User_2,1,Testing,,1.94012344,0,42.3555565
31,31,User_2,1,Testing,,1.9374845,0,42.36667
32,32,User_2,1,Testing,,1.9364152,0,42.3777771
33,33,User_2,1,Testing,,1.9347727300000002,0,42.38889
34,34,User_2,1,Testing,,1.93195117,0,42.4
35,35,User_2,1,Testing,,1.93195117,0,42.4111137
36,36,User_2,1,Testing,,1.928694,0,42.4222221
37,37,User_2,1,Testing,,1.92657888,0,42.4333344
38,38,User_2,1,Testing,,1.92468858,0,42.4444466
39,39,User_2,1,Testing,,1.92468858,0,42.455555
40,40,User_2,1,Testing,,1.92095959,0,42.4666672
41,41,User_2,1,Testing,,1.91956949,0,42.47778
42,42,User_2,1,Testing,,1.91762352,0,42.48889
43,43,User_2,1,Testing,,1.9139629999999999,0,42.5
44,44,User_2,1,Testing,,1.91278851,0,42.5111122
45,45,User_2,1,Testing,,1.9116237200000001,0,42.5222244
46,46,User_2,1,Testing,,1.90960193,0,42.5333328
47,47,User_2,1,Testing,,1.9076812300000001,0,42.544445
48,48,User_2,1,Testing,,1.90574861,0,42.5555573
49,49,User_2,1,Testing,,1.9037895200000001,0,42.56667
50,50,User_2,1,Testing,,1.901914,0,42.5777779
51,51,User_2,1,Testing,,1.8999952100000002,0,42.58889
52,52,User_2,1,Testing,,1.89813828,0,42.6000023
53,53,User_2,1,Testing,,1.89624953,0,42.61111
54,54,User_2,1,Testing,,1.8942462199999999,0,42.6222229
55,55,User_2,1,Testing,,1.8924241099999999,0,42.6333351
56,56,User_2,1,Testing,,1.89043522,0,42.6444473
57,57,User_2,1,Testing,,1.88853478,0,42.6555557
58,58,User_2,1,Testing,,1.88657093,0,42.6666679
59,59,User_2,1,Testing,,1.88476777,0,42.67778
60,60,User_2,1,Testing,,1.8827496799999999,0,42.68889
61,61,User_2,1,Testing,,1.8809339999999999,0,42.7
62,62,User_2,1,Testing,,1.87906146,0,42.711113
63,63,User_2,1,Testing,,1.8772676,0,42.72222
64,64,User_2,1,Testing,,1.8752147,0,42.7333336
65,65,User_2,1,Testing,,1.8733962800000001,0,42.7444458
66,66,User_2,1,Testing,,1.87138259,0,42.755558
67,67,User_2,1,Testing,,1.8696162699999999,0,42.7666664
68,68,User_2,1,Testing,,1.8676132,0,42.77778
69,69,User_2,1,Testing,,1.86570489,0,42.78889
70,70,User_2,1,Testing,,1.8640238,0,42.8
71,71,User_2,1,Testing,,1.8620190600000002,0,42.81111
72,72,User_2,1,Testing,,1.85968351,0,42.8222237
73,73,User_2,1,Testing,,1.85764635,0,42.8333359
74,74,User_2,1,Testing,,1.8550504399999999,0,42.8444443
75,75,User_2,1,Testing,,1.85387361,0,42.8555565
76,76,User_2,1,Testing,,1.85257781,0,42.86667
77,77,User_2,1,Testing,,1.8508178,0,42.8777771
78,78,User_2,1,Testing,,1.84867859,0,42.88889
79,79,User_2,1,Testing,,1.84691751,0,42.9
80,80,User_2,1,Testing,,1.84508741,0,42.9111137
81,81,User_2,1,Testing,,1.8433173900000002,0,42.9222221
82,82,User_2,1,Testing,,1.84130418,0,42.9333344
83,83,User_2,1,Testing,,1.83956,0,42.9444466
84,84,User_2,1,Testing,,1.83767641,0,42.955555
85,85,User_2,1,Testing,,1.835793,0,42.9666672
86,86,User_2,1,Testing,,1.8338603999999998,0,42.97778
87,87,User_2,1,Testing,,1.83202565,0,42.98889
88,88,User_2,1,Testing,,1.8302202200000002,0,43.0
89,89,User_2,1,Testing,,1.82834959,0,43.0111122
90,90,User_2,1,Testing,,1.82641935,0,43.0222244
91,91,User_2,1,Testing,,1.82458651,0,43.0333328
92,92,User_2,1,Testing,,1.82269669,0,43.044445
93,93,User_2,1,Testing,,1.82092643,0,43.0555573
94,94,User_2,1,Testing,,1.81906784,0,43.06667
95,95,User_2,1,Testing,,1.8172307,0,43.0777779
96,96,User_2,1,Testing,,1.8153671,0,43.08889
97,97,User_2,1,Testing,,1.8135751500000001,0,43.1000023
98,98,User_2,1,Testing,,1.8117145300000002,0,43.11111
99,99,User_2,1,Testing,,1.809923,0,43.1222229
100,100,User_2,1,Testing,,1.8080554,0,43.1333351
101,101,User_2,1,Testing,,1.80633307,0,43.1444473
102,102,User_2,1,Testing,,1.80450094,0,43.1555557
103,103,User_2,1,Testing,,1.802628,0,43.1666679
104,104,User_2,1,Testing,,1.80082369,0,43.17778
105,105,User_2,1,Testing,,1.79906034,0,43.18889
106,106,User_2,1,Testing,,1.7972700000000001,0,43.2
107,107,User_2,1,Testing,,1.79538214,0,43.211113
108,108,User_2,1,Testing,,1.79368079,0,43.22222
109,109,User_2,1,Testing,,1.791849,0,43.2333336
110,110,User_2,1,Testing,,1.7901481399999999,0,43.2444458
111,111,User_2,1,Testing,,1.788346,0,43.255558
112,112,User_2,1,Testing,,1.78651237,0,43.2666664
113,113,User_2,1,Testing,,1.7846392400000002,0,43.27778
114,114,User_2,1,Testing,,1.78279,0,43.28889
115,115,User_2,1,Testing,,1.7810220700000001,0,43.3
116,116,User_2,1,Testing,,1.77911413,0,43.31111
117,117,User_2,1,Testing,,1.77733374,0,43.3222237
118,118,User_2,1,Testing,,1.7755127,0,43.3333359
119,119,User_2,1,Testing,,1.77362633,0,43.3444443
120,120,User_2,1,Testing,,1.77196491,0,43.3555565
121,121,User_2,1,Testing,,1.77010822,0,43.36667
122,122,User_2,1,Testing,,1.76824808,0,43.3777771
123,123,User_2,1,Testing,,1.76652765,0,43.38889
124,124,User_2,1,Testing,,1.7647516699999999,0,43.4
125,125,User_2,1,Testing,,1.76290524,0,43.4111137
126,126,User_2,1,Testing,,1.76109684,0,43.4222221
127,127,User_2,1,Testing,,1.759402,0,43.4333344
128,128,User_2,1,Testing,,1.75763738,0,43.4444466
129,129,User_2,1,Testing,,1.7557805800000001,0,43.455555
130,130,User_2,1,Testing,,1.7540683700000002,0,43.4666672
131,131,User_2,1,Testing,,1.7523360000000001,0,43.47778
132,132,User_2,1,Testing,,1.75058472,0,43.48889
133,133,User_2,1,Testing,,1.74893641,0,43.5
134,134,User_2,1,Testing,,1.7471679999999998,0,43.5111122
135,135,User_2,1,Testing,,1.7454693300000002,0,43.5222244
136,136,User_2,1,Testing,,1.74373746,0,43.5333328
137,137,User_2,1,Testing,,1.74212587,0,43.544445
138,138,User_2,1,Testing,,1.7403787400000001,0,43.5555573
139,139,User_2,1,Testing,,1.7387009999999998,0,43.56667
140,140,User_2,1,Testing,,1.73705137,0,43.5777779
141,141,User_2,1,Testing,,1.73523176,0,43.58889
142,142,User_2,1,Testing,,1.7336269999999998,0,43.6000023
143,143,User_2,1,Testing,,1.73197937,0,43.61111
144,144,User_2,1,Testing,,1.7303006600000002,0,43.6222229
145,145,User_2,1,Testing,,1.72873247,0,43.6333351
146,146,User_2,1,Testing,,1.72702873,0,43.6444473
147,147,User_2,1,Testing,,1.7253052,0,43.6555557
148,148,User_2,1,Testing,,1.7237191200000002,0,43.6666679
149,149,User_2,1,Testing,,1.722019,0,43.67778
150,150,User_2,1,Testing,,1.72036564,0,43.68889
151,151,User_2,1,Testing,,1.71872771,0,43.7
152,152,User_2,1,Testing,,1.71705818,0,43.711113
153,153,User_2,1,Testing,,1.71546316,0,43.72222
154,154,User_2,1,Testing,,1.7138092500000002,0,43.7333336
155,155,User_2,1,Testing,,1.7122372399999999,0,43.7444458
156,156,User_2,1,Testing,,1.7105811800000001,0,43.755558
157,157,User_2,1,Testing,,1.7089889999999999,0,43.7666664
158,158,User_2,1,Testing,,1.7074340000000001,0,43.77778
159,159,User_2,1,Testing,,1.70575213,0,43.78889
160,160,User_2,1,Testing,,1.70416129,0,43.8
161,161,User_2,1,Testing,,1.7025504100000002,0,43.81111
162,162,User_2,1,Testing,,1.7009956800000001,0,43.8222237
163,163,User_2,1,Testing,,1.69940436,0,43.8333359
164,164,User_2,1,Testing,,1.69781733,0,43.8444443
165,165,User_2,1,Testing,,1.69618869,0,43.8555565
166,166,User_2,1,Testing,,1.6946515999999998,0,43.86667
167,167,User_2,1,Testing,,1.69308758,0,43.8777771
168,168,User_2,1,Testing,,1.6913681,0,43.88889
169,169,User_2,1,Testing,,1.6899250700000001,0,43.9
170,170,User_2,1,Testing,,1.68833232,0,43.9111137
171,171,User_2,1,Testing,,1.68671942,0,43.9222221
172,172,User_2,1,Testing,,1.68525124,0,43.9333344
173,173,User_2,1,Testing,,1.6837246399999999,0,43.9444466
174,174,User_2,1,Testing,,1.68218577,0,43.955555
175,175,User_2,1,Testing,,1.68218577,0,43.9666672
176,176,User_2,1,Testing,,1.6799693100000002,0,43.97778
177,177,User_2,1,Testing,,1.67752469,0,43.98889
178,178,User_2,1,Testing,,1.67614734,0,44.0
179,179,User_2,1,Testing,,1.67481971,0,44.0111122
180,180,User_2,1,Testing,,1.67327476,0,44.0222244
181,181,User_2,1,Testing,,1.67176938,0,44.0333328
182,182,User_2,1,Testing,,1.67031491,0,44.044445
183,183,User_2,1,Testing,,1.6687644700000002,0,44.0555573
184,184,User_2,1,Testing,,1.667284,0,44.06667
185,185,User_2,1,Testing,,1.66578853,0,44.0777779
186,186,User_2,1,Testing,,1.66445637,0,44.08889
187,187,User_2,1,Testing,,1.6629018800000002,0,44.1000023
188,188,User_2,1,Testing,,1.66145027,0,44.11111
189,189,User_2,1,Testing,,1.66002882,0,44.1222229
190,190,User_2,1,Testing,,1.65849912,0,44.1333351
191,191,User_2,1,Testing,,1.65705526,0,44.1444473
192,192,User_2,1,Testing,,1.65570962,0,44.1555557
193,193,User_2,1,Testing,,1.65418136,0,44.1666679
194,194,User_2,1,Testing,,1.65272,0,44.17778
195,195,User_2,1,Testing,,1.65140092,0,44.18889
196,196,User_2,1,Testing,,1.6498588299999999,0,44.2
197,197,User_2,1,Testing,,1.64847636,0,44.211113
198,198,User_2,1,Testing,,1.647041,0,44.2222252
199,199,User_2,1,Testing,,1.6457911699999999,0,44.2333336
200,200,User_2,1,Testing,,1.64434469,0,44.2444458
201,201,User_2,1,Testing,,1.64282942,0,44.255558
202,202,User_2,1,Testing,,1.64147675,0,44.2666664
203,203,User_2,1,Testing,,1.64021766,0,44.27778
204,204,User_2,1,Testing,,1.63875711,0,44.28889
205,205,User_2,1,Testing,,1.63740051,0,44.3
206,206,User_2,1,Testing,,1.63608551,0,44.31111
207,207,User_2,1,Testing,,1.63477325,0,44.3222237
208,208,User_2,1,Testing,,1.63349485,0,44.3333359
209,209,User_2,1,Testing,,1.6320629100000001,0,44.3444443
210,210,User_2,1,Testing,,1.63064492,0,44.3555565
211,211,User_2,1,Testing,,1.62936485,0,44.36667
212,212,User_2,1,Testing,,1.628072,0,44.3777771
213,213,User_2,1,Testing,,1.6267760999999998,0,44.38889
214,214,User_2,1,Testing,,1.6253794400000001,0,44.4
215,215,User_2,1,Testing,,1.62405276,0,44.4111137
216,216,User_2,1,Testing,,1.62263632,0,44.4222221
217,217,User_2,1,Testing,,1.62140381,0,44.4333344
218,218,User_2,1,Testing,,1.62007093,0,44.4444466
219,219,User_2,1,Testing,,1.61882555,0,44.455555
220,220,User_2,1,Testing,,1.6175065,0,44.4666672
221,221,User_2,1,Testing,,1.61620915,0,44.47778
222,222,User_2,1,Testing,,1.61497,0,44.48889
223,223,User_2,1,Testing,,1.6136792899999999,0,44.5
224,224,User_2,1,Testing,,1.61235762,0,44.5111122
225,225,User_2,1,Testing,,1.61113751,0,44.5222244
226,226,User_2,1,Testing,,1.60989523,0,44.5333328
227,227,User_2,1,Testing,,1.6085636600000002,0,44.544445
228,228,User_2,1,Testing,,1.60734093,0,44.5555573
229,229,User_2,1,Testing,,1.60625589,0,44.56667
230,230,User_2,1,Testing,,1.605059,0,44.5777779
231,231,User_2,1,Testing,,1.60380816,0,44.58889
232,232,User_2,1,Testing,,1.6026063,0,44.6000023
233,233,User_2,1,Testing,,1.60138154,0,44.61111
234,234,User_2,1,Testing,,1.6001515400000001,0,44.6222229
235,235,User_2,1,Testing,,1.59902108,0,44.6333351
236,236,User_2,1,Testing,,1.59778392,0,44.6444473
237,237,User_2,1,Testing,,1.596607,0,44.6555557
238,238,User_2,1,Testing,,1.5954802,0,44.6666679
239,239,User_2,1,Testing,,1.594301,0,44.67778
240,240,User_2,1,Testing,,1.59313393,0,44.68889
241,241,User_2,1,Testing,,1.59199584,0,44.7
242,242,User_2,1,Testing,,1.5907563,0,44.711113
243,243,User_2,1,Testing,,1.5897181,0,44.7222252
244,244,User_2,1,Testing,,1.5886035,0,44.7333336
245,245,User_2,1,Testing,,1.5874306,0,44.7444458
246,246,User_2,1,Testing,,1.58635068,0,44.755558
247,247,User_2,1,Testing,,1.5852284399999998,0,44.7666664
248,248,User_2,1,Testing,,1.58412576,0,44.77778
249,249,User_2,1,Testing,,1.58297753,0,44.78889
250,250,User_2,1,Testing,,1.58194172,0,44.8
251,251,User_2,1,Testing,,1.58084774,0,44.81111
252,252,User_2,1,Testing,,1.57978737,0,44.8222237
253,253,User_2,1,Testing,,1.57872593,0,44.8333359
254,254,User_2,1,Testing,,1.57759809,0,44.8444443
255,255,User_2,1,Testing,,1.5765684800000002,0,44.8555565
256,256,User_2,1,Testing,,1.57551241,0,44.86667
257,257,User_2,1,Testing,,1.57442629,0,44.8777771
258,258,User_2,1,Testing,,1.57343519,0,44.88889
259,259,User_2,1,Testing,,1.5723786400000002,0,44.9
260,260,User_2,1,Testing,,1.57139146,0,44.9111137
261,261,User_2,1,Testing,,1.57033646,0,44.9222221
262,262,User_2,1,Testing,,1.5693256899999999,0,44.9333344
263,263,User_2,1,Testing,,1.5683342200000001,0,44.9444466
264,264,User_2,1,Testing,,1.56733561,0,44.955555
265,265,User_2,1,Testing,,1.5663239999999998,0,44.9666672
266,266,User_2,1,Testing,,1.56535542,0,44.97778
267,267,User_2,1,Testing,,1.56431043,0,44.98889
268,268,User_2,1,Testing,,1.5633634299999999,0,45.0
269,269,User_2,1,Testing,,1.5623973599999998,0,45.0111122
0,0,User_2,0,Training,Repelling,1.86787748,0,17.4777775
1,1,User_2,0,Training,Repelling,2.4123419999999998,0,17.48889
2,2,User_2,0,Training,Repelling,2.4123419999999998,0,17.5
3,3,User_2,0,Training,Repelling,2.41539836,0,17.5111122
4,4,User_2,0,Training,Repelling,2.41645169,0,17.5222225
5,5,User_2,0,Training,Repelling,2.41747284,0,17.5333328
6,6,User_2,0,Training,Repelling,2.41866517,0,17.544445
7,7,User_2,0,Training,Repelling,2.42017078,0,17.5555553
8,8,User_2,0,Training,Repelling,2.42208719,0,17.5666676
9,9,User_2,0,Training,Repelling,2.42208719,0,17.5777779
10,10,User_2,0,Training,Repelling,2.4246132400000002,0,17.58889
11,11,User_2,0,Training,Repelling,2.42713547,0,17.6
12,12,User_2,0,Training,Repelling,2.42809749,0,17.61111
13,13,User_2,0,Training,Repelling,2.42898273,0,17.6222229
14,14,User_2,0,Training,Repelling,2.43037128,0,17.6333332
15,15,User_2,0,Training,Repelling,2.431976,0,17.6444454
16,16,User_2,0,Training,Repelling,2.43334079,0,17.6555557
17,17,User_2,0,Training,Repelling,2.434752,0,17.6666679
18,18,User_2,0,Training,Repelling,2.434752,0,17.6777782
19,19,User_2,0,Training,Repelling,2.437612,0,17.6888885
20,20,User_2,0,Training,Repelling,2.43982577,0,17.7
21,21,User_2,0,Training,Repelling,2.44078875,0,17.7111111
22,22,User_2,0,Training,Repelling,2.44203353,0,17.7222233
23,23,User_2,0,Training,Repelling,2.44349575,0,17.7333336
24,24,User_2,0,Training,Repelling,2.44497061,0,17.7444458
25,25,User_2,0,Training,Repelling,2.44645357,0,17.7555561
26,26,User_2,0,Training,Repelling,2.4482553,0,17.7666664
27,27,User_2,0,Training,Repelling,2.450029,0,17.7777786
28,28,User_2,0,Training,Repelling,2.4510598200000002,0,17.7888889
29,29,User_2,0,Training,Repelling,2.452131,0,17.8000011
30,30,User_2,0,Training,Repelling,2.453607,0,17.8111115
31,31,User_2,0,Training,Repelling,2.45500779,0,17.8222218
32,32,User_2,0,Training,Repelling,2.45648146,0,17.833334
33,33,User_2,0,Training,Repelling,2.4578898,0,17.8444443
34,34,User_2,0,Training,Repelling,2.459321,0,17.8555565
35,35,User_2,0,Training,Repelling,2.46072268,0,17.8666668
36,36,User_2,0,Training,Repelling,2.462219,0,17.877779
37,37,User_2,0,Training,Repelling,2.4636649999999998,0,17.88889
38,38,User_2,0,Training,Repelling,2.464944,0,17.9
39,39,User_2,0,Training,Repelling,2.466415,0,17.9111118
40,40,User_2,0,Training,Repelling,2.46778584,0,17.9222221
41,41,User_2,0,Training,Repelling,2.469158,0,17.9333344
42,42,User_2,0,Training,Repelling,2.47066,0,17.9444447
43,43,User_2,0,Training,Repelling,2.47188759,0,17.9555569
44,44,User_2,0,Training,Repelling,2.47324824,0,17.9666672
45,45,User_2,0,Training,Repelling,2.47465181,0,17.9777775
46,46,User_2,0,Training,Repelling,2.476049,0,17.98889
47,47,User_2,0,Training,Repelling,2.4773612,0,18.0
48,48,User_2,0,Training,Repelling,2.47879481,0,18.0111122
49,49,User_2,0,Training,Repelling,2.48013377,0,18.0222225
50,50,User_2,0,Training,Repelling,2.481451,0,18.0333328
51,51,User_2,0,Training,Repelling,2.48279333,0,18.044445
52,52,User_2,0,Training,Repelling,2.48403287,0,18.0555553
53,53,User_2,0,Training,Repelling,2.48535347,0,18.0666676
54,54,User_2,0,Training,Repelling,2.486784,0,18.0777779
55,55,User_2,0,Training,Repelling,2.48799276,0,18.08889
56,56,User_2,0,Training,Repelling,2.489302,0,18.1
57,57,User_2,0,Training,Repelling,2.490673,0,18.11111
58,58,User_2,0,Training,Repelling,2.49188614,0,18.1222229
59,59,User_2,0,Training,Repelling,2.49318075,0,18.1333332
60,60,User_2,0,Training,Repelling,2.49447036,0,18.1444454
61,61,User_2,0,Training,Repelling,2.49582815,0,18.1555557
62,62,User_2,0,Training,Repelling,2.49705172,0,18.1666679
63,63,User_2,0,Training,Repelling,2.49837661,0,18.1777782
64,64,User_2,0,Training,Repelling,2.49966288,0,18.1888885
65,65,User_2,0,Training,Repelling,2.50092435,0,18.2
66,66,User_2,0,Training,Repelling,2.5022492400000003,0,18.2111111
67,67,User_2,0,Training,Repelling,2.50353312,0,18.2222233
68,68,User_2,0,Training,Repelling,2.50463772,0,18.2333336
69,69,User_2,0,Training,Repelling,2.50585532,0,18.2444458
70,70,User_2,0,Training,Repelling,2.50708771,0,18.2555561
71,71,User_2,0,Training,Repelling,2.508304,0,18.2666664
72,72,User_2,0,Training,Repelling,2.50950718,0,18.2777786
73,73,User_2,0,Training,Repelling,2.51069736,0,18.2888889
74,74,User_2,0,Training,Repelling,2.51194525,0,18.3000011
75,75,User_2,0,Training,Repelling,2.5131025300000003,0,18.3111115
76,76,User_2,0,Training,Repelling,2.5142791300000003,0,18.3222218
77,77,User_2,0,Training,Repelling,2.51535749,0,18.333334
78,78,User_2,0,Training,Repelling,2.516504,0,18.3444443
79,79,User_2,0,Training,Repelling,2.51759124,0,18.3555565
80,80,User_2,0,Training,Repelling,2.51874757,0,18.3666668
81,81,User_2,0,Training,Repelling,2.5197494000000003,0,18.377779
82,82,User_2,0,Training,Repelling,2.52083087,0,18.38889
83,83,User_2,0,Training,Repelling,2.52192616,0,18.4
84,84,User_2,0,Training,Repelling,2.52192616,0,18.4111118
85,85,User_2,0,Training,Repelling,2.5234625299999998,0,18.4222221
86,86,User_2,0,Training,Repelling,2.5248413100000002,0,18.4333344
87,87,User_2,0,Training,Repelling,2.52605748,0,18.4444447
88,88,User_2,0,Training,Repelling,2.52723932,0,18.4555569
89,89,User_2,0,Training,Repelling,2.52723932,0,18.4666672
90,90,User_2,0,Training,Repelling,2.52871919,0,18.4777775
91,91,User_2,0,Training,Repelling,2.529759,0,18.48889
92,92,User_2,0,Training,Repelling,2.5307827,0,18.5
93,93,User_2,0,Training,Repelling,2.53143144,0,18.5111122
94,94,User_2,0,Training,Repelling,2.53230524,0,18.5222225
95,95,User_2,0,Training,Repelling,2.5333300000000003,0,18.5333347
96,96,User_2,0,Training,Repelling,2.53424478,0,18.544445
97,97,User_2,0,Training,Repelling,2.53552437,0,18.5555553
98,98,User_2,0,Training,Repelling,2.53552437,0,18.5666676
99,99,User_2,0,Training,Repelling,2.537058,0,18.5777779
100,100,User_2,0,Training,Repelling,2.5380137,0,18.58889
101,101,User_2,0,Training,Repelling,2.53894353,0,18.6
102,102,User_2,0,Training,Repelling,2.53894353,0,18.61111
103,103,User_2,0,Training,Repelling,2.54030561,0,18.6222229
104,104,User_2,0,Training,Repelling,2.54117084,0,18.6333332
105,105,User_2,0,Training,Repelling,2.542017,0,18.6444454
106,106,User_2,0,Training,Repelling,2.54283834,0,18.6555557
107,107,User_2,0,Training,Repelling,2.54392385,0,18.6666679
108,108,User_2,0,Training,Repelling,2.54437184,0,18.6777782
109,109,User_2,0,Training,Repelling,2.5449185400000003,0,18.6888885
110,110,User_2,0,Training,Repelling,2.54561472,0,18.7
111,111,User_2,0,Training,Repelling,2.546332,0,18.7111111
112,112,User_2,0,Training,Repelling,2.54706764,0,18.7222233
113,113,User_2,0,Training,Repelling,2.5477879999999997,0,18.7333336
114,114,User_2,0,Training,Repelling,2.54848623,0,18.7444458
115,115,User_2,0,Training,Repelling,2.54910231,0,18.7555561
116,116,User_2,0,Training,Repelling,2.549729,0,18.7666664
117,117,User_2,0,Training,Repelling,2.55039024,0,18.7777786
118,118,User_2,0,Training,Repelling,2.55099654,0,18.7888889
119,119,User_2,0,Training,Repelling,2.55158758,0,18.8000011
120,120,User_2,0,Training,Repelling,2.55222464,0,18.8111115
121,121,User_2,0,Training,Repelling,2.5527800000000003,0,18.8222218
122,122,User_2,0,Training,Repelling,2.55332828,0,18.833334
123,123,User_2,0,Training,Repelling,2.553906,0,18.8444443
124,124,User_2,0,Training,Repelling,2.55441236,0,18.8555565
125,125,User_2,0,Training,Repelling,2.55492759,0,18.8666668
126,126,User_2,0,Training,Repelling,2.55547214,0,18.877779
127,127,User_2,0,Training,Repelling,2.55593348,0,18.88889
128,128,User_2,0,Training,Repelling,2.55639982,0,18.9
129,129,User_2,0,Training,Repelling,2.55686545,0,18.9111118
130,130,User_2,0,Training,Repelling,2.55729675,0,18.9222221
131,131,User_2,0,Training,Repelling,2.55773544,0,18.9333344
132,132,User_2,0,Training,Repelling,2.55814123,0,18.9444447
133,133,User_2,0,Training,Repelling,2.55855155,0,18.9555569
134,134,User_2,0,Training,Repelling,2.55892658,0,18.9666672
135,135,User_2,0,Training,Repelling,2.55929613,0,18.9777775
136,136,User_2,0,Training,Repelling,2.55966115,0,18.98889
137,137,User_2,0,Training,Repelling,2.5599865900000003,0,19.0
138,138,User_2,0,Training,Repelling,2.56030536,0,19.0111122
139,139,User_2,0,Training,Repelling,2.560603,0,19.0222225
140,140,User_2,0,Training,Repelling,2.56090117,0,19.0333347
141,141,User_2,0,Training,Repelling,2.56116533,0,19.044445
142,142,User_2,0,Training,Repelling,2.561409,0,19.0555553
143,143,User_2,0,Training,Repelling,2.5616593400000003,0,19.0666676
144,144,User_2,0,Training,Repelling,2.56187916,0,19.0777779
145,145,User_2,0,Training,Repelling,2.5620894400000003,0,19.08889
146,146,User_2,0,Training,Repelling,2.562275,0,19.1
147,147,User_2,0,Training,Repelling,2.56245065,0,19.11111
148,148,User_2,0,Training,Repelling,2.56260467,0,19.1222229
149,149,User_2,0,Training,Repelling,2.56274247,0,19.1333332
150,150,User_2,0,Training,Repelling,2.56287479,0,19.1444454
151,151,User_2,0,Training,Repelling,2.5629801800000003,0,19.1555557
152,152,User_2,0,Training,Repelling,2.56307554,0,19.1666679
153,153,User_2,0,Training,Repelling,2.56315732,0,19.1777782
154,154,User_2,0,Training,Repelling,2.563214,0,19.1888885
155,155,User_2,0,Training,Repelling,2.56325531,0,19.2
156,156,User_2,0,Training,Repelling,2.56328034,0,19.2111111
157,157,User_2,0,Training,Repelling,2.56328535,0,19.2222233
158,158,User_2,0,Training,Repelling,2.563274,0,19.2333336
159,159,User_2,0,Training,Repelling,2.56324577,0,19.2444458
160,160,User_2,0,Training,Repelling,2.563199,0,19.2555561
161,161,User_2,0,Training,Repelling,2.56313133,0,19.2666664
162,162,User_2,0,Training,Repelling,2.5630502699999997,0,19.2777786
163,163,User_2,0,Training,Repelling,2.56295371,0,19.2888889
164,164,User_2,0,Training,Repelling,2.56283283,0,19.3000011
165,165,User_2,0,Training,Repelling,2.5627017,0,19.3111115
166,166,User_2,0,Training,Repelling,2.56254363,0,19.3222218
167,167,User_2,0,Training,Repelling,2.56238747,0,19.333334
168,168,User_2,0,Training,Repelling,2.5622059999999998,0,19.3444443
169,169,User_2,0,Training,Repelling,2.5620060000000002,0,19.3555565
170,170,User_2,0,Training,Repelling,2.56179142,0,19.3666668
171,171,User_2,0,Training,Repelling,2.56156015,0,19.377779
172,172,User_2,0,Training,Repelling,2.56130171,0,19.38889
173,173,User_2,0,Training,Repelling,2.5610466,0,19.4
174,174,User_2,0,Training,Repelling,2.56076241,0,19.4111118
175,175,User_2,0,Training,Repelling,2.56046414,0,19.4222221
176,176,User_2,0,Training,Repelling,2.5601518199999997,0,19.4333344
177,177,User_2,0,Training,Repelling,2.55982137,0,19.4444447
178,178,User_2,0,Training,Repelling,2.55945969,0,19.4555569
179,179,User_2,0,Training,Repelling,2.55909872,0,19.4666672
180,180,User_2,0,Training,Repelling,2.55870962,0,19.4777775
181,181,User_2,0,Training,Repelling,2.558304,0,19.48889
182,182,User_2,0,Training,Repelling,2.5578992400000002,0,19.5
183,183,User_2,0,Training,Repelling,2.557469,0,19.5111122
184,184,User_2,0,Training,Repelling,2.55701613,0,19.5222225
185,185,User_2,0,Training,Repelling,2.55656052,0,19.5333347
186,186,User_2,0,Training,Repelling,2.5560596,0,19.544445
187,187,User_2,0,Training,Repelling,2.55553746,0,19.5555553
188,188,User_2,0,Training,Repelling,2.5550615800000003,0,19.5666676
189,189,User_2,0,Training,Repelling,2.55453038,0,19.5777779
190,190,User_2,0,Training,Repelling,2.5539858300000002,0,19.58889
191,191,User_2,0,Training,Repelling,2.553408,0,19.6
192,192,User_2,0,Training,Repelling,2.55282569,0,19.61111
193,193,User_2,0,Training,Repelling,2.55221272,0,19.6222229
194,194,User_2,0,Training,Repelling,2.551606,0,19.6333332
195,195,User_2,0,Training,Repelling,2.5510022599999997,0,19.6444454
196,196,User_2,0,Training,Repelling,2.55032587,0,19.6555557
197,197,User_2,0,Training,Repelling,2.54969287,0,19.6666679
198,198,User_2,0,Training,Repelling,2.5489990000000002,0,19.6777782
199,199,User_2,0,Training,Repelling,2.548276,0,19.6888885
200,200,User_2,0,Training,Repelling,2.547556,0,19.7
201,201,User_2,0,Training,Repelling,2.54684186,0,19.7111111
202,202,User_2,0,Training,Repelling,2.54610181,0,19.7222233
203,203,User_2,0,Training,Repelling,2.545344,0,19.7333336
204,204,User_2,0,Training,Repelling,2.5445866600000002,0,19.7444458
205,205,User_2,0,Training,Repelling,2.5437467099999997,0,19.7555561
206,206,User_2,0,Training,Repelling,2.54294753,0,19.7666664
207,207,User_2,0,Training,Repelling,2.54213548,0,19.7777786
208,208,User_2,0,Training,Repelling,2.54128957,0,19.7888889
209,209,User_2,0,Training,Repelling,2.54040313,0,19.8000011
210,210,User_2,0,Training,Repelling,2.53957915,0,19.8111115
211,211,User_2,0,Training,Repelling,2.53873134,0,19.8222218
212,212,User_2,0,Training,Repelling,2.537794,0,19.833334
213,213,User_2,0,Training,Repelling,2.53689,0,19.8444443
214,214,User_2,0,Training,Repelling,2.53594136,0,19.8555565
215,215,User_2,0,Training,Repelling,2.53501582,0,19.8666668
216,216,User_2,0,Training,Repelling,2.53406858,0,19.877779
217,217,User_2,0,Training,Repelling,2.53306818,0,19.88889
218,218,User_2,0,Training,Repelling,2.532052,0,19.9
219,219,User_2,0,Training,Repelling,2.531068,0,19.9111118
220,220,User_2,0,Training,Repelling,2.5300386,0,19.9222221
221,221,User_2,0,Training,Repelling,2.52899885,0,19.9333344
222,222,User_2,0,Training,Repelling,2.52792621,0,19.9444447
223,223,User_2,0,Training,Repelling,2.52687144,0,19.9555569
224,224,User_2,0,Training,Repelling,2.52582073,0,19.9666672
225,225,User_2,0,Training,Repelling,2.52469277,0,19.9777775
226,226,User_2,0,Training,Repelling,2.5235765,0,19.98889
227,227,User_2,0,Training,Repelling,2.522514,0,20.0
228,228,User_2,0,Training,Repelling,2.5213685,0,20.0111122
229,229,User_2,0,Training,Repelling,2.52021527,0,20.0222225
230,230,User_2,0,Training,Repelling,2.51903653,0,20.0333347
231,231,User_2,0,Training,Repelling,2.517844,0,20.044445
232,232,User_2,0,Training,Repelling,2.51667929,0,20.0555553
233,233,User_2,0,Training,Repelling,2.51544714,0,20.0666676
234,234,User_2,0,Training,Repelling,2.51422715,0,20.0777779
235,235,User_2,0,Training,Repelling,2.513035,0,20.08889
236,236,User_2,0,Training,Repelling,2.51175237,0,20.1
237,237,User_2,0,Training,Repelling,2.510509,0,20.11111
238,238,User_2,0,Training,Repelling,2.50929642,0,20.1222229
239,239,User_2,0,Training,Repelling,2.50789785,0,20.1333332
240,240,User_2,0,Training,Repelling,2.50656414,0,20.1444454
241,241,User_2,0,Training,Repelling,2.505337,0,20.1555557
242,242,User_2,0,Training,Repelling,2.504045,0,20.1666679
243,243,User_2,0,Training,Repelling,2.502662,0,20.1777782
244,244,User_2,0,Training,Repelling,2.501329,0,20.1888885
245,245,User_2,0,Training,Repelling,2.499966,0,20.2
246,246,User_2,0,Training,Repelling,2.49854827,0,20.2111111
247,247,User_2,0,Training,Repelling,2.49719024,0,20.2222233
248,248,User_2,0,Training,Repelling,2.49582767,0,20.2333336
249,249,User_2,0,Training,Repelling,2.49439168,0,20.2444458
250,250,User_2,0,Training,Repelling,2.49300051,0,20.2555561
251,251,User_2,0,Training,Repelling,2.49158525,0,20.2666664
252,252,User_2,0,Training,Repelling,2.4901545,0,20.2777786
253,253,User_2,0,Training,Repelling,2.488609,0,20.2888889
254,254,User_2,0,Training,Repelling,2.487205,0,20.3000011
255,255,User_2,0,Training,Repelling,2.48572564,0,20.3111115
256,256,User_2,0,Training,Repelling,2.48422456,0,20.3222237
257,257,User_2,0,Training,Repelling,2.48269415,0,20.333334
258,258,User_2,0,Training,Repelling,2.48127222,0,20.3444443
259,259,User_2,0,Training,Repelling,2.47970366,0,20.3555565
260,260,User_2,0,Training,Repelling,2.478247,0,20.3666668
261,261,User_2,0,Training,Repelling,2.47667313,0,20.377779
262,262,User_2,0,Training,Repelling,2.47513556,0,20.38889
263,263,User_2,0,Training,Repelling,2.473605,0,20.4
264,264,User_2,0,Training,Repelling,2.47193241,0,20.4111118
265,265,User_2,0,Training,Repelling,2.4704177400000003,0,20.4222221
266,266,User_2,0,Training,Repelling,2.4688313,0,20.4333344
267,267,User_2,0,Training,Repelling,2.46713662,0,20.4444447
268,268,User_2,0,Training,Repelling,2.46565557,0,20.4555569
269,269,User_2,0,Training,Repelling,2.46404862,0,20.4666672
0,0,User_2,1,Training,Repelling,2.1321106,0,24.0666676
1,1,User_2,1,Training,Repelling,2.132463,0,24.0777779
2,2,User_2,1,Training,Repelling,2.132463,0,24.08889
3,3,User_2,1,Training,Repelling,2.13302326,0,24.1
4,4,User_2,1,Training,Repelling,2.1331984999999998,0,24.1111126
5,5,User_2,1,Training,Repelling,2.13340449,0,24.1222229
6,6,User_2,1,Training,Repelling,2.13369918,0,24.1333332
7,7,User_2,1,Training,Repelling,2.13410258,0,24.1444454
8,8,User_2,1,Training,Repelling,2.13410258,0,24.1555557
9,9,User_2,1,Training,Repelling,2.13482666,0,24.1666679
10,10,User_2,1,Training,Repelling,2.13501453,0,24.1777782
11,11,User_2,1,Training,Repelling,2.13525867,0,24.1888885
12,12,User_2,1,Training,Repelling,2.135563,0,24.2
13,13,User_2,1,Training,Repelling,2.135961,0,24.2111111
14,14,User_2,1,Training,Repelling,2.13648272,0,24.2222233
15,15,User_2,1,Training,Repelling,2.136725,0,24.2333336
16,16,User_2,1,Training,Repelling,2.13694072,0,24.2444458
17,17,User_2,1,Training,Repelling,2.13727713,0,24.2555561
18,18,User_2,1,Training,Repelling,2.13763714,0,24.2666664
19,19,User_2,1,Training,Repelling,2.138,0,24.2777786
20,20,User_2,1,Training,Repelling,2.138359,0,24.2888889
21,21,User_2,1,Training,Repelling,2.13874125,0,24.3000011
22,22,User_2,1,Training,Repelling,2.13911223,0,24.3111115
23,23,User_2,1,Training,Repelling,2.13951373,0,24.3222237
24,24,User_2,1,Training,Repelling,2.13990235,0,24.333334
25,25,User_2,1,Training,Repelling,2.14033437,0,24.3444443
26,26,User_2,1,Training,Repelling,2.14072466,0,24.3555565
27,27,User_2,1,Training,Repelling,2.141123,0,24.3666668
28,28,User_2,1,Training,Repelling,2.14154434,0,24.377779
29,29,User_2,1,Training,Repelling,2.14198375,0,24.38889
30,30,User_2,1,Training,Repelling,2.14242363,0,24.4000015
31,31,User_2,1,Training,Repelling,2.1428206,0,24.4111118
32,32,User_2,1,Training,Repelling,2.14327884,0,24.4222221
33,33,User_2,1,Training,Repelling,2.14375067,0,24.4333344
34,34,User_2,1,Training,Repelling,2.144165,0,24.4444447
35,35,User_2,1,Training,Repelling,2.14464831,0,24.4555569
36,36,User_2,1,Training,Repelling,2.1450758,0,24.4666672
37,37,User_2,1,Training,Repelling,2.1455605,0,24.4777775
38,38,User_2,1,Training,Repelling,2.14604783,0,24.48889
39,39,User_2,1,Training,Repelling,2.14651251,0,24.5
40,40,User_2,1,Training,Repelling,2.14699745,0,24.5111122
41,41,User_2,1,Training,Repelling,2.14747977,0,24.5222225
42,42,User_2,1,Training,Repelling,2.14796734,0,24.5333347
43,43,User_2,1,Training,Repelling,2.14848614,0,24.544445
44,44,User_2,1,Training,Repelling,2.14905119,0,24.5555553
45,45,User_2,1,Training,Repelling,2.149482,0,24.5666676
46,46,User_2,1,Training,Repelling,2.150042,0,24.5777779
47,47,User_2,1,Training,Repelling,2.15058112,0,24.58889
48,48,User_2,1,Training,Repelling,2.151045,0,24.6
49,49,User_2,1,Training,Repelling,2.1516175300000002,0,24.6111126
50,50,User_2,1,Training,Repelling,2.15218735,0,24.6222229
51,51,User_2,1,Training,Repelling,2.15267968,0,24.6333332
52,52,User_2,1,Training,Repelling,2.15323019,0,24.6444454
53,53,User_2,1,Training,Repelling,2.153797,0,24.6555557
54,54,User_2,1,Training,Repelling,2.154381,0,24.6666679
55,55,User_2,1,Training,Repelling,2.15496278,0,24.6777782
56,56,User_2,1,Training,Repelling,2.155579,0,24.6888885
57,57,User_2,1,Training,Repelling,2.15616727,0,24.7
58,58,User_2,1,Training,Repelling,2.15674686,0,24.7111111
59,59,User_2,1,Training,Repelling,2.15737629,0,24.7222233
60,60,User_2,1,Training,Repelling,2.15796828,0,24.7333336
61,61,User_2,1,Training,Repelling,2.15857124,0,24.7444458
62,62,User_2,1,Training,Repelling,2.15918136,0,24.7555561
63,63,User_2,1,Training,Repelling,2.15981531,0,24.7666664
64,64,User_2,1,Training,Repelling,2.16041255,0,24.7777786
65,65,User_2,1,Training,Repelling,2.161046,0,24.7888889
66,66,User_2,1,Training,Repelling,2.16175652,0,24.8000011
67,67,User_2,1,Training,Repelling,2.16234231,0,24.8111115
68,68,User_2,1,Training,Repelling,2.162997,0,24.8222237
69,69,User_2,1,Training,Repelling,2.16368771,0,24.833334
70,70,User_2,1,Training,Repelling,2.16432214,0,24.8444443
71,71,User_2,1,Training,Repelling,2.16499,0,24.8555565
72,72,User_2,1,Training,Repelling,2.165642,0,24.8666668
73,73,User_2,1,Training,Repelling,2.16628456,0,24.877779
74,74,User_2,1,Training,Repelling,2.166957,0,24.88889
75,75,User_2,1,Training,Repelling,2.16764569,0,24.9000015
76,76,User_2,1,Training,Repelling,2.168358,0,24.9111118
77,77,User_2,1,Training,Repelling,2.169008,0,24.9222221
78,78,User_2,1,Training,Repelling,2.16968584,0,24.9333344
79,79,User_2,1,Training,Repelling,2.17033839,0,24.9444447
80,80,User_2,1,Training,Repelling,2.17106748,0,24.9555569
81,81,User_2,1,Training,Repelling,2.17179155,0,24.9666672
82,82,User_2,1,Training,Repelling,2.17249322,0,24.9777775
83,83,User_2,1,Training,Repelling,2.17316484,0,24.98889
84,84,User_2,1,Training,Repelling,2.173919,0,25.0
85,85,User_2,1,Training,Repelling,2.17460275,0,25.0111122
86,86,User_2,1,Training,Repelling,2.17534876,0,25.0222225
87,87,User_2,1,Training,Repelling,2.1760602000000002,0,25.0333347
88,88,User_2,1,Training,Repelling,2.17685819,0,25.044445
89,89,User_2,1,Training,Repelling,2.177544,0,25.0555553
90,90,User_2,1,Training,Repelling,2.178285,0,25.0666676
91,91,User_2,1,Training,Repelling,2.17901325,0,25.0777779
92,92,User_2,1,Training,Repelling,2.17975926,0,25.08889
93,93,User_2,1,Training,Repelling,2.18056536,0,25.1
94,94,User_2,1,Training,Repelling,2.18136787,0,25.1111126
95,95,User_2,1,Training,Repelling,2.18208218,0,25.1222229
96,96,User_2,1,Training,Repelling,2.18285179,0,25.1333332
97,97,User_2,1,Training,Repelling,2.18366861,0,25.1444454
98,98,User_2,1,Training,Repelling,2.18441653,0,25.1555557
99,99,User_2,1,Training,Repelling,2.18441653,0,25.1666679
100,100,User_2,1,Training,Repelling,2.1854438800000002,0,25.1777782
101,101,User_2,1,Training,Repelling,2.186516,0,25.1888885
102,102,User_2,1,Training,Repelling,2.18774533,0,25.2
103,103,User_2,1,Training,Repelling,2.18838763,0,25.2111111
104,104,User_2,1,Training,Repelling,2.18932414,0,25.2222233
105,105,User_2,1,Training,Repelling,2.18932414,0,25.2333336
106,106,User_2,1,Training,Repelling,2.19048214,0,25.2444458
107,107,User_2,1,Training,Repelling,2.1911664,0,25.2555561
108,108,User_2,1,Training,Repelling,2.1925168,0,25.2666664
109,109,User_2,1,Training,Repelling,2.19306731,0,25.2777786
110,110,User_2,1,Training,Repelling,2.19372749,0,25.2888889
111,111,User_2,1,Training,Repelling,2.19452024,0,25.3000011
112,112,User_2,1,Training,Repelling,2.19532657,0,25.3111115
113,113,User_2,1,Training,Repelling,2.19617438,0,25.3222237
114,114,User_2,1,Training,Repelling,2.19698739,0,25.333334
115,115,User_2,1,Training,Repelling,2.19787145,0,25.3444443
116,116,User_2,1,Training,Repelling,2.19861555,0,25.3555565
117,117,User_2,1,Training,Repelling,2.1994941199999998,0,25.3666668
118,118,User_2,1,Training,Repelling,2.20032835,0,25.377779
119,119,User_2,1,Training,Repelling,2.20123243,0,25.38889
120,120,User_2,1,Training,Repelling,2.2023735,0,25.4000015
121,121,User_2,1,Training,Repelling,2.2023735,0,25.4111118
122,122,User_2,1,Training,Repelling,2.20396328,0,25.4222221
123,123,User_2,1,Training,Repelling,2.2049841900000002,0,25.4333344
124,124,User_2,1,Training,Repelling,2.20616245,0,25.4444447
125,125,User_2,1,Training,Repelling,2.206799,0,25.4555569
126,126,User_2,1,Training,Repelling,2.20748258,0,25.4666672
127,127,User_2,1,Training,Repelling,2.2082164300000002,0,25.4777775
128,128,User_2,1,Training,Repelling,2.20901513,0,25.48889
129,129,User_2,1,Training,Repelling,2.2099545,0,25.5
130,130,User_2,1,Training,Repelling,2.210905,0,25.5111122
131,131,User_2,1,Training,Repelling,2.2117424,0,25.5222225
132,132,User_2,1,Training,Repelling,2.212677,0,25.5333347
133,133,User_2,1,Training,Repelling,2.21352267,0,25.544445
134,134,User_2,1,Training,Repelling,2.2144053,0,25.5555553
135,135,User_2,1,Training,Repelling,2.21529174,0,25.5666676
136,136,User_2,1,Training,Repelling,2.21617842,0,25.5777779
137,137,User_2,1,Training,Repelling,2.21707034,0,25.58889
138,138,User_2,1,Training,Repelling,2.21798849,0,25.6
139,139,User_2,1,Training,Repelling,2.2188735,0,25.6111126
140,140,User_2,1,Training,Repelling,2.21979165,0,25.6222229
141,141,User_2,1,Training,Repelling,2.22067785,0,25.6333332
142,142,User_2,1,Training,Repelling,2.22162938,0,25.6444454
143,143,User_2,1,Training,Repelling,2.22252774,0,25.6555557
144,144,User_2,1,Training,Repelling,2.22345567,0,25.6666679
145,145,User_2,1,Training,Repelling,2.22434235,0,25.6777782
146,146,User_2,1,Training,Repelling,2.22524643,0,25.68889
147,147,User_2,1,Training,Repelling,2.226204,0,25.7
148,148,User_2,1,Training,Repelling,2.227114,0,25.7111111
149,149,User_2,1,Training,Repelling,2.22806621,0,25.7222233
150,150,User_2,1,Training,Repelling,2.2289834,0,25.7333336
151,151,User_2,1,Training,Repelling,2.22988153,0,25.7444458
152,152,User_2,1,Training,Repelling,2.23083,0,25.7555561
153,153,User_2,1,Training,Repelling,2.23178935,0,25.7666664
154,154,User_2,1,Training,Repelling,2.23282266,0,25.7777786
155,155,User_2,1,Training,Repelling,2.234288,0,25.7888889
156,156,User_2,1,Training,Repelling,2.23505926,0,25.8000011
157,157,User_2,1,Training,Repelling,2.23580766,0,25.8111115
158,158,User_2,1,Training,Repelling,2.23655915,0,25.8222237
159,159,User_2,1,Training,Repelling,2.237316,0,25.833334
160,160,User_2,1,Training,Repelling,2.23833632,0,25.8444443
161,161,User_2,1,Training,Repelling,2.23927784,0,25.8555565
162,162,User_2,1,Training,Repelling,2.24021268,0,25.8666668
163,163,User_2,1,Training,Repelling,2.24117422,0,25.877779
164,164,User_2,1,Training,Repelling,2.241998,0,25.88889
165,165,User_2,1,Training,Repelling,2.24294972,0,25.9000015
166,166,User_2,1,Training,Repelling,2.24393,0,25.9111118
167,167,User_2,1,Training,Repelling,2.24485159,0,25.9222221
168,168,User_2,1,Training,Repelling,2.24577332,0,25.9333344
169,169,User_2,1,Training,Repelling,2.2468326100000002,0,25.9444447
170,170,User_2,1,Training,Repelling,2.24764729,0,25.9555569
171,171,User_2,1,Training,Repelling,2.248834,0,25.9666672
172,172,User_2,1,Training,Repelling,2.248834,0,25.9777775
173,173,User_2,1,Training,Repelling,2.250508,0,25.98889
174,174,User_2,1,Training,Repelling,2.251278,0,26.0
175,175,User_2,1,Training,Repelling,2.25286484,0,26.0111122
176,176,User_2,1,Training,Repelling,2.25364161,0,26.0222225
177,177,User_2,1,Training,Repelling,2.25432,0,26.0333347
178,178,User_2,1,Training,Repelling,2.255039,0,26.044445
179,179,User_2,1,Training,Repelling,2.25624371,0,26.0555553
180,180,User_2,1,Training,Repelling,2.25624371,0,26.0666676
181,181,User_2,1,Training,Repelling,2.258277,0,26.0777779
182,182,User_2,1,Training,Repelling,2.25903034,0,26.08889
183,183,User_2,1,Training,Repelling,2.25972438,0,26.1
184,184,User_2,1,Training,Repelling,2.25972438,0,26.1111126
185,185,User_2,1,Training,Repelling,2.26161885,0,26.1222229
186,186,User_2,1,Training,Repelling,2.262636,0,26.1333332
187,187,User_2,1,Training,Repelling,2.26392865,0,26.1444454
188,188,User_2,1,Training,Repelling,2.26459575,0,26.1555557
189,189,User_2,1,Training,Repelling,2.26531219,0,26.1666679
190,190,User_2,1,Training,Repelling,2.26593852,0,26.1777782
191,191,User_2,1,Training,Repelling,2.266809,0,26.18889
192,192,User_2,1,Training,Repelling,2.26772571,0,26.2
193,193,User_2,1,Training,Repelling,2.26873136,0,26.2111111
194,194,User_2,1,Training,Repelling,2.26950979,0,26.2222233
195,195,User_2,1,Training,Repelling,2.270444,0,26.2333336
196,196,User_2,1,Training,Repelling,2.27135587,0,26.2444458
197,197,User_2,1,Training,Repelling,2.2721633900000002,0,26.2555561
198,198,User_2,1,Training,Repelling,2.27306032,0,26.2666664
199,199,User_2,1,Training,Repelling,2.27395177,0,26.2777786
200,200,User_2,1,Training,Repelling,2.27475572,0,26.2888889
201,201,User_2,1,Training,Repelling,2.27558732,0,26.3000011
202,202,User_2,1,Training,Repelling,2.276556,0,26.3111115
203,203,User_2,1,Training,Repelling,2.27735186,0,26.3222237
204,204,User_2,1,Training,Repelling,2.27825475,0,26.333334
205,205,User_2,1,Training,Repelling,2.27914023,0,26.3444443
206,206,User_2,1,Training,Repelling,2.279943,0,26.3555565
207,207,User_2,1,Training,Repelling,2.2807433599999998,0,26.3666668
208,208,User_2,1,Training,Repelling,2.2816608,0,26.377779
209,209,User_2,1,Training,Repelling,2.28241944,0,26.38889
210,210,User_2,1,Training,Repelling,2.283298,0,26.4000015
211,211,User_2,1,Training,Repelling,2.28413749,0,26.4111118
212,212,User_2,1,Training,Repelling,2.28496957,0,26.4222221
213,213,User_2,1,Training,Repelling,2.28574586,0,26.4333344
214,214,User_2,1,Training,Repelling,2.28685212,0,26.4444447
215,215,User_2,1,Training,Repelling,2.28685212,0,26.4555569
216,216,User_2,1,Training,Repelling,2.288242,0,26.4666672
217,217,User_2,1,Training,Repelling,2.28915763,0,26.4777775
218,218,User_2,1,Training,Repelling,2.28976846,0,26.48889
219,219,User_2,1,Training,Repelling,2.29047751,0,26.5
220,220,User_2,1,Training,Repelling,2.29128313,0,26.5111122
221,221,User_2,1,Training,Repelling,2.292058,0,26.5222225
222,222,User_2,1,Training,Repelling,2.2928195000000002,0,26.5333347
223,223,User_2,1,Training,Repelling,2.29363036,0,26.544445
224,224,User_2,1,Training,Repelling,2.294422,0,26.5555553
225,225,User_2,1,Training,Repelling,2.29512763,0,26.5666676
226,226,User_2,1,Training,Repelling,2.29585838,0,26.5777779
227,227,User_2,1,Training,Repelling,2.296638,0,26.58889
228,228,User_2,1,Training,Repelling,2.29776883,0,26.6
229,229,User_2,1,Training,Repelling,2.29776883,0,26.6111126
230,230,User_2,1,Training,Repelling,2.29883385,0,26.6222229
231,231,User_2,1,Training,Repelling,2.29995632,0,26.6333332
232,232,User_2,1,Training,Repelling,2.30047846,0,26.6444454
233,233,User_2,1,Training,Repelling,2.30097437,0,26.6555557
234,234,User_2,1,Training,Repelling,2.30165267,0,26.6666679
235,235,User_2,1,Training,Repelling,2.30237174,0,26.6777782
236,236,User_2,1,Training,Repelling,2.30298138,0,26.68889
237,237,User_2,1,Training,Repelling,2.30370188,0,26.7
238,238,User_2,1,Training,Repelling,2.30439425,0,26.7111111
239,239,User_2,1,Training,Repelling,2.305017,0,26.7222233
240,240,User_2,1,Training,Repelling,2.30569744,0,26.7333336
241,241,User_2,1,Training,Repelling,2.30657434,0,26.7444458
242,242,User_2,1,Training,Repelling,2.30745173,0,26.7555561
243,243,User_2,1,Training,Repelling,2.30790138,0,26.7666664
244,244,User_2,1,Training,Repelling,2.3083508,0,26.7777786
245,245,User_2,1,Training,Repelling,2.30888271,0,26.7888889
246,246,User_2,1,Training,Repelling,2.30945015,0,26.8000011
247,247,User_2,1,Training,Repelling,2.31030035,0,26.8111115
248,248,User_2,1,Training,Repelling,2.31030035,0,26.8222237
249,249,User_2,1,Training,Repelling,2.31132269,0,26.833334
250,250,User_2,1,Training,Repelling,2.31189418,0,26.8444443
251,251,User_2,1,Training,Repelling,2.3127358,0,26.8555565
252,252,User_2,1,Training,Repelling,2.31309342,0,26.8666668
253,253,User_2,1,Training,Repelling,2.31352973,0,26.877779
254,254,User_2,1,Training,Repelling,2.31405878,0,26.88889
255,255,User_2,1,Training,Repelling,2.314805,0,26.9000015
256,256,User_2,1,Training,Repelling,2.314805,0,26.9111118
257,257,User_2,1,Training,Repelling,2.31575,0,26.9222221
258,258,User_2,1,Training,Repelling,2.31628776,0,26.9333344
259,259,User_2,1,Training,Repelling,2.31696129,0,26.9444447
260,260,User_2,1,Training,Repelling,2.317288,0,26.9555569
261,261,User_2,1,Training,Repelling,2.31766748,0,26.9666672
262,262,User_2,1,Training,Repelling,2.31815672,0,26.9777775
263,263,User_2,1,Training,Repelling,2.3186400000000003,0,26.98889
264,264,User_2,1,Training,Repelling,2.319069,0,27.0
265,265,User_2,1,Training,Repelling,2.31956768,0,27.0111122
266,266,User_2,1,Training,Repelling,2.31999016,0,27.0222225
267,267,User_2,1,Training,Repelling,2.320591,0,27.0333347
268,268,User_2,1,Training,Repelling,2.320591,0,27.044445
269,269,User_2,1,Training,Repelling,2.321304,0,27.0555553
270,270,User_2,1,Training,Repelling,2.32173848,0,27.0666676
